Entity,Code,Date,people_vaccinated
Alabama,,2021/1/12,70861
Alabama,,2021/1/13,74792
Alabama,,2021/1/14,80480
Alabama,,2021/1/15,86956
Alabama,,2021/1/19,114319
Alabama,,2021/1/20,121113
Alabama,,2021/1/21,144429
Alabama,,2021/1/22,174317
Alabama,,2021/1/23,193955
Alabama,,2021/1/24,213833
Alabama,,2021/1/25,220464
Alabama,,2021/1/26,223854
Alabama,,2021/1/27,232633
Alabama,,2021/1/28,241337
Alabama,,2021/1/29,256601
Alabama,,2021/1/30,288368
Alabama,,2021/1/31,298301
Alabama,,2021/2/1,301628
Alabama,,2021/2/2,312711
Alabama,,2021/2/3,324998
Alabama,,2021/2/4,338845
Alabama,,2021/2/5,353522
Alabama,,2021/2/6,370275
Alabama,,2021/2/7,375567
Alabama,,2021/2/8,378514
Alabama,,2021/2/9,395196
Alabama,,2021/2/10,412462
Alabama,,2021/2/11,431259
Alabama,,2021/2/12,448071
Alaska,,2021/1/12,22486
Alaska,,2021/1/13,24541
Alaska,,2021/1/14,35508
Alaska,,2021/1/15,39546
Alaska,,2021/1/19,55434
Alaska,,2021/1/20,56911
Alaska,,2021/1/21,59449
Alaska,,2021/1/22,67262
Alaska,,2021/1/23,73014
Alaska,,2021/1/24,77925
Alaska,,2021/1/25,80226
Alaska,,2021/1/26,81200
Alaska,,2021/1/27,83363
Alaska,,2021/1/28,85672
Alaska,,2021/1/29,88654
Alaska,,2021/1/30,91794
Alaska,,2021/1/31,94889
Alaska,,2021/2/1,96396
Alaska,,2021/2/2,97076
Alaska,,2021/2/3,98076
Alaska,,2021/2/4,99596
Alaska,,2021/2/5,101225
Alaska,,2021/2/6,103163
Alaska,,2021/2/7,106311
Alaska,,2021/2/8,109890
Alaska,,2021/2/9,110936
Alaska,,2021/2/10,112448
Alaska,,2021/2/11,116001
Alaska,,2021/2/12,118189
American Samoa,ASM,2021/1/12,842
American Samoa,ASM,2021/1/13,1193
American Samoa,ASM,2021/1/14,2409
American Samoa,ASM,2021/1/15,3144
American Samoa,ASM,2021/1/19,3985
American Samoa,ASM,2021/1/20,4476
American Samoa,ASM,2021/1/21,4734
American Samoa,ASM,2021/1/22,5627
American Samoa,ASM,2021/1/23,5881
American Samoa,ASM,2021/1/24,7096
American Samoa,ASM,2021/1/25,7096
American Samoa,ASM,2021/1/26,7365
American Samoa,ASM,2021/1/27,8133
American Samoa,ASM,2021/1/28,8133
American Samoa,ASM,2021/1/29,8926
American Samoa,ASM,2021/1/30,8926
American Samoa,ASM,2021/1/31,8926
American Samoa,ASM,2021/2/1,9713
American Samoa,ASM,2021/2/2,9713
American Samoa,ASM,2021/2/3,9759
American Samoa,ASM,2021/2/4,9761
American Samoa,ASM,2021/2/5,9775
American Samoa,ASM,2021/2/6,9779
American Samoa,ASM,2021/2/7,9779
American Samoa,ASM,2021/2/8,9779
American Samoa,ASM,2021/2/9,9792
American Samoa,ASM,2021/2/10,9818
American Samoa,ASM,2021/2/11,9822
American Samoa,ASM,2021/2/12,10057
Arizona,,2021/1/12,95141
Arizona,,2021/1/13,104387
Arizona,,2021/1/14,157397
Arizona,,2021/1/15,176213
Arizona,,2021/1/19,235331
Arizona,,2021/1/20,246960
Arizona,,2021/1/21,262120
Arizona,,2021/1/22,280227
Arizona,,2021/1/23,305744
Arizona,,2021/1/24,332095
Arizona,,2021/1/25,350648
Arizona,,2021/1/26,366018
Arizona,,2021/1/27,389059
Arizona,,2021/1/28,412841
Arizona,,2021/1/29,439897
Arizona,,2021/1/30,469916
Arizona,,2021/1/31,500942
Arizona,,2021/2/1,524413
Arizona,,2021/2/2,534476
Arizona,,2021/2/3,553373
Arizona,,2021/2/4,573845
Arizona,,2021/2/5,597525
Arizona,,2021/2/6,629750
Arizona,,2021/2/7,656909
Arizona,,2021/2/8,678697
Arizona,,2021/2/9,695970
Arizona,,2021/2/10,719051
Arizona,,2021/2/11,747599
Arizona,,2021/2/12,780057
Arkansas,,2021/1/12,39357
Arkansas,,2021/1/13,80458
Arkansas,,2021/1/14,90339
Arkansas,,2021/1/15,97829
Arkansas,,2021/1/19,118763
Arkansas,,2021/1/20,144792
Arkansas,,2021/1/21,144792
Arkansas,,2021/1/22,167788
Arkansas,,2021/1/23,167788
Arkansas,,2021/1/24,179290
Arkansas,,2021/1/25,185546
Arkansas,,2021/1/26,196815
Arkansas,,2021/1/27,209445
Arkansas,,2021/1/28,209445
Arkansas,,2021/1/29,221552
Arkansas,,2021/1/30,233935
Arkansas,,2021/1/31,244867
Arkansas,,2021/2/1,249943
Arkansas,,2021/2/2,251841
Arkansas,,2021/2/3,256307
Arkansas,,2021/2/4,266563
Arkansas,,2021/2/5,274459
Arkansas,,2021/2/6,290153
Arkansas,,2021/2/7,300139
Arkansas,,2021/2/8,304604
Arkansas,,2021/2/9,305917
Arkansas,,2021/2/10,311339
Arkansas,,2021/2/11,316972
Arkansas,,2021/2/12,325562
Bureau of Prisons,,2021/1/12,5199
Bureau of Prisons,,2021/1/13,5395
Bureau of Prisons,,2021/1/14,13997
Bureau of Prisons,,2021/1/15,14565
Bureau of Prisons,,2021/1/19,15500
Bureau of Prisons,,2021/1/20,15949
Bureau of Prisons,,2021/1/21,17003
Bureau of Prisons,,2021/1/22,17316
Bureau of Prisons,,2021/1/23,18296
Bureau of Prisons,,2021/1/24,18965
Bureau of Prisons,,2021/1/25,18988
Bureau of Prisons,,2021/1/26,19471
Bureau of Prisons,,2021/1/27,20415
Bureau of Prisons,,2021/1/28,21081
Bureau of Prisons,,2021/1/29,21674
Bureau of Prisons,,2021/1/30,22486
Bureau of Prisons,,2021/1/31,22725
Bureau of Prisons,,2021/2/1,22725
Bureau of Prisons,,2021/2/2,23200
Bureau of Prisons,,2021/2/3,24049
Bureau of Prisons,,2021/2/4,24858
Bureau of Prisons,,2021/2/5,25657
Bureau of Prisons,,2021/2/6,26167
Bureau of Prisons,,2021/2/7,26410
Bureau of Prisons,,2021/2/8,26410
Bureau of Prisons,,2021/2/9,26770
Bureau of Prisons,,2021/2/10,27564
Bureau of Prisons,,2021/2/11,28139
Bureau of Prisons,,2021/2/12,29060
California,,2021/1/12,703540
California,,2021/1/13,744545
California,,2021/1/14,801998
California,,2021/1/15,865387
California,,2021/1/19,1195969
California,,2021/1/20,1255311
California,,2021/1/21,1335886
California,,2021/1/22,1477195
California,,2021/1/23,1661683
California,,2021/1/24,1838464
California,,2021/1/25,1954048
California,,2021/1/26,2053652
California,,2021/1/27,2156029
California,,2021/1/28,2281453
California,,2021/1/29,2415659
California,,2021/1/30,2563559
California,,2021/1/31,2717530
California,,2021/2/1,2861767
California,,2021/2/2,2940488
California,,2021/2/3,3044980
California,,2021/2/4,3085932
California,,2021/2/5,3228084
California,,2021/2/6,3389906
California,,2021/2/7,3653538
California,,2021/2/8,3811715
California,,2021/2/9,3880253
California,,2021/2/10,3994969
California,,2021/2/11,4108216
California,,2021/2/12,4222810
Colorado,,2021/1/12,187838
Colorado,,2021/1/13,198227
Colorado,,2021/1/14,209300
Colorado,,2021/1/15,223761
Colorado,,2021/1/19,278639
Colorado,,2021/1/20,287174
Colorado,,2021/1/21,296816
Colorado,,2021/1/22,313217
Colorado,,2021/1/23,313211
Colorado,,2021/1/24,355124
Colorado,,2021/1/25,364889
Colorado,,2021/1/26,372266
Colorado,,2021/1/27,381679
Colorado,,2021/1/28,394156
Colorado,,2021/1/29,409939
Colorado,,2021/1/30,423054
Colorado,,2021/1/31,440576
Colorado,,2021/2/1,455422
Colorado,,2021/2/2,464938
Colorado,,2021/2/3,472820
Colorado,,2021/2/4,485332
Colorado,,2021/2/5,495381
Colorado,,2021/2/6,512024
Colorado,,2021/2/7,528379
Colorado,,2021/2/8,539961
Colorado,,2021/2/9,542165
Colorado,,2021/2/10,557204
Colorado,,2021/2/11,570979
Colorado,,2021/2/12,586187
Connecticut,,2021/1/12,56350
Connecticut,,2021/1/13,58920
Connecticut,,2021/1/14,156366
Connecticut,,2021/1/15,166722
Connecticut,,2021/1/19,201664
Connecticut,,2021/1/20,213145
Connecticut,,2021/1/21,230913
Connecticut,,2021/1/22,248753
Connecticut,,2021/1/23,264042
Connecticut,,2021/1/24,275126
Connecticut,,2021/1/25,282674
Connecticut,,2021/1/26,291257
Connecticut,,2021/1/27,302710
Connecticut,,2021/1/28,315317
Connecticut,,2021/1/29,329149
Connecticut,,2021/1/30,340886
Connecticut,,2021/1/31,349879
Connecticut,,2021/2/1,357588
Connecticut,,2021/2/2,361495
Connecticut,,2021/2/3,365975
Connecticut,,2021/2/4,375795
Connecticut,,2021/2/5,387627
Connecticut,,2021/2/6,395554
Connecticut,,2021/2/7,402227
Connecticut,,2021/2/8,406697
Connecticut,,2021/2/9,412601
Connecticut,,2021/2/10,423296
Connecticut,,2021/2/11,437058
Connecticut,,2021/2/12,450204
Delaware,,2021/1/12,15911
Delaware,,2021/1/13,16647
Delaware,,2021/1/14,25649
Delaware,,2021/1/15,25649
Delaware,,2021/1/19,35679
Delaware,,2021/1/20,38610
Delaware,,2021/1/21,41900
Delaware,,2021/1/22,45292
Delaware,,2021/1/23,49442
Delaware,,2021/1/24,52586
Delaware,,2021/1/25,55131
Delaware,,2021/1/26,56646
Delaware,,2021/1/27,64952
Delaware,,2021/1/28,68959
Delaware,,2021/1/29,72684
Delaware,,2021/1/30,76980
Delaware,,2021/1/31,82970
Delaware,,2021/2/1,84482
Delaware,,2021/2/2,85143
Delaware,,2021/2/3,88325
Delaware,,2021/2/4,89727
Delaware,,2021/2/5,92265
Delaware,,2021/2/6,94962
Delaware,,2021/2/7,98450
Delaware,,2021/2/8,100736
Delaware,,2021/2/9,101383
Delaware,,2021/2/10,103319
Delaware,,2021/2/11,105760
Delaware,,2021/2/12,108096
Dept of Defense,,2021/1/12,131056
Dept of Defense,,2021/1/13,131610
Dept of Defense,,2021/1/14,159851
Dept of Defense,,2021/1/15,179004
Dept of Defense,,2021/1/19,227934
Dept of Defense,,2021/1/20,229553
Dept of Defense,,2021/1/21,243577
Dept of Defense,,2021/1/22,258285
Dept of Defense,,2021/1/23,274128
Dept of Defense,,2021/1/24,296176
Dept of Defense,,2021/1/25,304294
Dept of Defense,,2021/1/26,304294
Dept of Defense,,2021/1/27,318701
Dept of Defense,,2021/1/28,335627
Dept of Defense,,2021/1/29,353482
Dept of Defense,,2021/1/30,381304
Dept of Defense,,2021/1/31,404643
Dept of Defense,,2021/2/1,407915
Dept of Defense,,2021/2/2,412800
Dept of Defense,,2021/2/3,424284
Dept of Defense,,2021/2/4,436270
Dept of Defense,,2021/2/5,452438
Dept of Defense,,2021/2/6,468020
Dept of Defense,,2021/2/7,486222
Dept of Defense,,2021/2/8,495849
Dept of Defense,,2021/2/9,498855
Dept of Defense,,2021/2/10,511923
Dept of Defense,,2021/2/11,525007
Dept of Defense,,2021/2/12,536578
District of Columbia,,2021/1/13,1957
District of Columbia,,2021/1/14,29927
District of Columbia,,2021/1/15,31667
District of Columbia,,2021/1/19,39747
District of Columbia,,2021/1/20,41135
District of Columbia,,2021/1/21,43377
District of Columbia,,2021/1/22,44773
District of Columbia,,2021/1/23,47088
District of Columbia,,2021/1/24,49292
District of Columbia,,2021/1/25,50902
District of Columbia,,2021/1/26,51399
District of Columbia,,2021/1/27,53590
District of Columbia,,2021/1/28,55599
District of Columbia,,2021/1/29,57152
District of Columbia,,2021/1/30,59570
District of Columbia,,2021/1/31,61737
District of Columbia,,2021/2/1,63208
District of Columbia,,2021/2/2,64241
District of Columbia,,2021/2/3,65207
District of Columbia,,2021/2/4,66645
District of Columbia,,2021/2/5,69999
District of Columbia,,2021/2/6,71810
District of Columbia,,2021/2/7,73505
District of Columbia,,2021/2/8,75351
District of Columbia,,2021/2/9,75351
District of Columbia,,2021/2/10,75351
District of Columbia,,2021/2/11,79776
District of Columbia,,2021/2/12,80772
Federated States of Micronesia,,2021/1/12,414
Federated States of Micronesia,,2021/1/13,555
Federated States of Micronesia,,2021/1/14,604
Federated States of Micronesia,,2021/1/15,692
Federated States of Micronesia,,2021/1/19,1434
Federated States of Micronesia,,2021/1/20,1753
Federated States of Micronesia,,2021/1/21,2084
Federated States of Micronesia,,2021/1/22,2511
Federated States of Micronesia,,2021/1/23,2749
Federated States of Micronesia,,2021/1/24,2749
Federated States of Micronesia,,2021/1/25,2755
Federated States of Micronesia,,2021/1/26,2973
Federated States of Micronesia,,2021/1/27,3210
Federated States of Micronesia,,2021/1/28,3471
Federated States of Micronesia,,2021/1/29,3933
Federated States of Micronesia,,2021/1/30,3933
Federated States of Micronesia,,2021/1/31,3933
Federated States of Micronesia,,2021/2/1,5068
Federated States of Micronesia,,2021/2/2,5683
Federated States of Micronesia,,2021/2/3,6210
Federated States of Micronesia,,2021/2/4,6646
Federated States of Micronesia,,2021/2/5,6943
Federated States of Micronesia,,2021/2/6,7230
Federated States of Micronesia,,2021/2/7,7309
Federated States of Micronesia,,2021/2/8,7310
Federated States of Micronesia,,2021/2/9,7550
Federated States of Micronesia,,2021/2/10,7744
Federated States of Micronesia,,2021/2/11,7991
Federated States of Micronesia,,2021/2/12,8270
Florida,,2021/1/12,586741
Florida,,2021/1/13,647330
Florida,,2021/1/14,709002
Florida,,2021/1/15,776430
Florida,,2021/1/19,1068787
Florida,,2021/1/20,1125338
Florida,,2021/1/21,1125338
Florida,,2021/1/22,1186719
Florida,,2021/1/23,1333116
Florida,,2021/1/24,1384479
Florida,,2021/1/25,1384407
Florida,,2021/1/26,1412466
Florida,,2021/1/27,1451507
Florida,,2021/1/28,1497903
Florida,,2021/1/29,1554179
Florida,,2021/1/30,1610425
Florida,,2021/1/31,1656005
Florida,,2021/2/1,1683674
Florida,,2021/2/2,1712327
Florida,,2021/2/3,1752699
Florida,,2021/2/4,1793625
Florida,,2021/2/5,1812723
Florida,,2021/2/6,1865090
Florida,,2021/2/7,1965590
Florida,,2021/2/8,1965590
Florida,,2021/2/9,2023419
Florida,,2021/2/10,2064585
Florida,,2021/2/11,2118750
Florida,,2021/2/12,2235645
Georgia,GEO,2021/1/12,85110
Georgia,GEO,2021/1/13,86105
Georgia,GEO,2021/1/14,204301
Georgia,GEO,2021/1/15,204301
Georgia,GEO,2021/1/19,278151
Georgia,GEO,2021/1/20,356010
Georgia,GEO,2021/1/21,407000
Georgia,GEO,2021/1/22,533665
Georgia,GEO,2021/1/23,534161
Georgia,GEO,2021/1/24,534161
Georgia,GEO,2021/1/25,534161
Georgia,GEO,2021/1/26,591385
Georgia,GEO,2021/1/27,622905
Georgia,GEO,2021/1/28,659212
Georgia,GEO,2021/1/29,693085
Georgia,GEO,2021/1/30,729117
Georgia,GEO,2021/1/31,766875
Georgia,GEO,2021/2/1,785487
Georgia,GEO,2021/2/2,790354
Georgia,GEO,2021/2/3,813214
Georgia,GEO,2021/2/4,834091
Georgia,GEO,2021/2/5,860543
Georgia,GEO,2021/2/6,887597
Georgia,GEO,2021/2/7,912189
Georgia,GEO,2021/2/8,923282
Georgia,GEO,2021/2/9,927176
Georgia,GEO,2021/2/10,946505
Georgia,GEO,2021/2/11,967179
Georgia,GEO,2021/2/12,967179
Guam,GUM,2021/1/12,401
Guam,GUM,2021/1/13,401
Guam,GUM,2021/1/14,3785
Guam,GUM,2021/1/15,3785
Guam,GUM,2021/1/19,3785
Guam,GUM,2021/1/20,3785
Guam,GUM,2021/1/21,3785
Guam,GUM,2021/1/22,3785
Guam,GUM,2021/1/23,3785
Guam,GUM,2021/1/24,3785
Guam,GUM,2021/1/25,3785
Guam,GUM,2021/1/26,13378
Guam,GUM,2021/1/27,14269
Guam,GUM,2021/1/28,15405
Guam,GUM,2021/1/29,16747
Guam,GUM,2021/1/30,17784
Guam,GUM,2021/1/31,17784
Guam,GUM,2021/2/1,18538
Guam,GUM,2021/2/2,19700
Guam,GUM,2021/2/3,20785
Guam,GUM,2021/2/4,20785
Guam,GUM,2021/2/5,21871
Guam,GUM,2021/2/6,23195
Guam,GUM,2021/2/7,23564
Guam,GUM,2021/2/8,23693
Guam,GUM,2021/2/9,24420
Guam,GUM,2021/2/10,25308
Guam,GUM,2021/2/11,26019
Guam,GUM,2021/2/12,26699
Hawaii,,2021/1/15,39690
Hawaii,,2021/1/19,52635
Hawaii,,2021/1/20,58111
Hawaii,,2021/1/21,63282
Hawaii,,2021/1/22,67991
Hawaii,,2021/1/23,67990
Hawaii,,2021/1/24,67990
Hawaii,,2021/1/25,74296
Hawaii,,2021/1/26,75820
Hawaii,,2021/1/27,79147
Hawaii,,2021/1/28,84139
Hawaii,,2021/1/29,89428
Hawaii,,2021/1/30,96743
Hawaii,,2021/1/31,103398
Hawaii,,2021/2/1,108745
Hawaii,,2021/2/2,110757
Hawaii,,2021/2/3,115440
Hawaii,,2021/2/4,120533
Hawaii,,2021/2/5,126683
Hawaii,,2021/2/6,132701
Hawaii,,2021/2/7,137230
Hawaii,,2021/2/8,142259
Hawaii,,2021/2/9,142259
Hawaii,,2021/2/10,142259
Hawaii,,2021/2/11,150648
Hawaii,,2021/2/12,154828
Idaho,,2021/1/12,31504
Idaho,,2021/1/13,33176
Idaho,,2021/1/14,35179
Idaho,,2021/1/15,37646
Idaho,,2021/1/19,53609
Idaho,,2021/1/20,58328
Idaho,,2021/1/21,61118
Idaho,,2021/1/22,64295
Idaho,,2021/1/23,68292
Idaho,,2021/1/24,72424
Idaho,,2021/1/25,76199
Idaho,,2021/1/26,78484
Idaho,,2021/1/27,80857
Idaho,,2021/1/28,85373
Idaho,,2021/1/29,88975
Idaho,,2021/1/30,93632
Idaho,,2021/1/31,98287
Idaho,,2021/2/1,100946
Idaho,,2021/2/2,102959
Idaho,,2021/2/3,107234
Idaho,,2021/2/4,113110
Idaho,,2021/2/5,120147
Idaho,,2021/2/6,133810
Idaho,,2021/2/7,140916
Idaho,,2021/2/8,149231
Idaho,,2021/2/9,151372
Idaho,,2021/2/10,155238
Idaho,,2021/2/11,159796
Idaho,,2021/2/12,159796
Illinois,,2021/1/12,284035
Illinois,,2021/1/13,291445
Illinois,,2021/1/14,316876
Illinois,,2021/1/15,341518
Illinois,,2021/1/19,414362
Illinois,,2021/1/20,425824
Illinois,,2021/1/21,452010
Illinois,,2021/1/22,479848
Illinois,,2021/1/23,518779
Illinois,,2021/1/24,556517
Illinois,,2021/1/25,578406
Illinois,,2021/1/26,590212
Illinois,,2021/1/27,611024
Illinois,,2021/1/28,643555
Illinois,,2021/1/29,685529
Illinois,,2021/1/30,733006
Illinois,,2021/1/31,781536
Illinois,,2021/2/1,817253
Illinois,,2021/2/2,831556
Illinois,,2021/2/3,859076
Illinois,,2021/2/4,905981
Illinois,,2021/2/5,962345
Illinois,,2021/2/6,1028487
Illinois,,2021/2/7,1086599
Illinois,,2021/2/8,1131846
Illinois,,2021/2/9,1148175
Illinois,,2021/2/10,1198096
Illinois,,2021/2/11,1243706
Illinois,,2021/2/12,1294565
Indian Health Svc,,2021/1/12,16105
Indian Health Svc,,2021/1/13,17240
Indian Health Svc,,2021/1/14,69313
Indian Health Svc,,2021/1/15,77309
Indian Health Svc,,2021/1/19,90329
Indian Health Svc,,2021/1/20,93635
Indian Health Svc,,2021/1/21,99004
Indian Health Svc,,2021/1/22,103912
Indian Health Svc,,2021/1/23,120761
Indian Health Svc,,2021/1/24,128843
Indian Health Svc,,2021/1/25,130085
Indian Health Svc,,2021/1/26,131481
Indian Health Svc,,2021/1/27,135456
Indian Health Svc,,2021/1/28,144908
Indian Health Svc,,2021/1/29,152563
Indian Health Svc,,2021/1/30,155066
Indian Health Svc,,2021/1/31,165493
Indian Health Svc,,2021/2/1,166090
Indian Health Svc,,2021/2/2,168022
Indian Health Svc,,2021/2/3,174664
Indian Health Svc,,2021/2/4,182111
Indian Health Svc,,2021/2/5,185622
Indian Health Svc,,2021/2/6,204056
Indian Health Svc,,2021/2/7,208409
Indian Health Svc,,2021/2/8,214822
Indian Health Svc,,2021/2/9,219484
Indian Health Svc,,2021/2/10,224869
Indian Health Svc,,2021/2/11,236970
Indian Health Svc,,2021/2/12,251445
Indiana,,2021/1/12,114781
Indiana,,2021/1/13,125763
Indiana,,2021/1/14,203889
Indiana,,2021/1/15,222599
Indiana,,2021/1/19,283779
Indiana,,2021/1/20,297720
Indiana,,2021/1/21,320266
Indiana,,2021/1/22,340055
Indiana,,2021/1/23,367944
Indiana,,2021/1/24,367944
Indiana,,2021/1/25,408181
Indiana,,2021/1/26,413982
Indiana,,2021/1/27,432791
Indiana,,2021/1/28,454380
Indiana,,2021/1/29,475928
Indiana,,2021/1/30,495746
Indiana,,2021/1/31,495746
Indiana,,2021/2/1,495746
Indiana,,2021/2/2,499215
Indiana,,2021/2/3,517147
Indiana,,2021/2/4,541269
Indiana,,2021/2/5,568118
Indiana,,2021/2/6,593266
Indiana,,2021/2/7,593266
Indiana,,2021/2/8,593266
Indiana,,2021/2/9,598731
Indiana,,2021/2/10,617918
Indiana,,2021/2/11,637068
Indiana,,2021/2/12,659495
Iowa,,2021/1/12,91969
Iowa,,2021/1/13,101859
Iowa,,2021/1/14,100805
Iowa,,2021/1/15,108056
Iowa,,2021/1/19,130042
Iowa,,2021/1/20,133528
Iowa,,2021/1/21,139500
Iowa,,2021/1/22,145642
Iowa,,2021/1/23,151145
Iowa,,2021/1/24,157635
Iowa,,2021/1/25,161445
Iowa,,2021/1/26,162795
Iowa,,2021/1/27,165466
Iowa,,2021/1/28,169341
Iowa,,2021/1/29,174655
Iowa,,2021/1/30,182537
Iowa,,2021/1/31,190689
Iowa,,2021/2/1,194009
Iowa,,2021/2/2,195234
Iowa,,2021/2/3,199242
Iowa,,2021/2/4,206516
Iowa,,2021/2/5,215693
Iowa,,2021/2/6,224437
Iowa,,2021/2/7,237554
Iowa,,2021/2/8,252349
Iowa,,2021/2/9,257459
Iowa,,2021/2/10,268974
Iowa,,2021/2/11,282596
Iowa,,2021/2/12,299032
Kansas,,2021/1/12,53988
Kansas,,2021/1/13,58477
Kansas,,2021/1/14,77590
Kansas,,2021/1/15,83293
Kansas,,2021/1/19,101824
Kansas,,2021/1/20,105679
Kansas,,2021/1/21,111907
Kansas,,2021/1/22,116569
Kansas,,2021/1/23,122813
Kansas,,2021/1/24,127417
Kansas,,2021/1/25,129861
Kansas,,2021/1/26,132153
Kansas,,2021/1/27,140685
Kansas,,2021/1/28,157536
Kansas,,2021/1/29,157720
Kansas,,2021/1/30,168343
Kansas,,2021/1/31,180156
Kansas,,2021/2/1,183035
Kansas,,2021/2/2,185065
Kansas,,2021/2/3,192026
Kansas,,2021/2/4,198352
Kansas,,2021/2/5,206997
Kansas,,2021/2/6,218170
Kansas,,2021/2/7,228774
Kansas,,2021/2/8,232575
Kansas,,2021/2/9,233494
Kansas,,2021/2/10,241127
Kansas,,2021/2/11,248979
Kansas,,2021/2/12,261332
Kentucky,,2021/1/12,102517
Kentucky,,2021/1/13,111449
Kentucky,,2021/1/14,145320
Kentucky,,2021/1/15,162733
Kentucky,,2021/1/19,201688
Kentucky,,2021/1/20,208664
Kentucky,,2021/1/21,217837
Kentucky,,2021/1/22,229873
Kentucky,,2021/1/23,243620
Kentucky,,2021/1/24,268308
Kentucky,,2021/1/25,275610
Kentucky,,2021/1/26,279715
Kentucky,,2021/1/27,285291
Kentucky,,2021/1/28,297108
Kentucky,,2021/1/29,312373
Kentucky,,2021/1/30,324581
Kentucky,,2021/1/31,337738
Kentucky,,2021/2/1,347384
Kentucky,,2021/2/2,350622
Kentucky,,2021/2/3,360015
Kentucky,,2021/2/4,372114
Kentucky,,2021/2/5,387902
Kentucky,,2021/2/6,406790
Kentucky,,2021/2/7,422976
Kentucky,,2021/2/8,434294
Kentucky,,2021/2/9,436193
Kentucky,,2021/2/10,442691
Kentucky,,2021/2/11,454145
Kentucky,,2021/2/12,468357
Long Term Care,,2021/1/12,948869
Long Term Care,,2021/1/13,1066689
Long Term Care,,2021/1/14,1195320
Louisiana,,2021/1/12,117022
Louisiana,,2021/1/13,127078
Louisiana,,2021/1/14,149064
Louisiana,,2021/1/15,167193
Louisiana,,2021/1/19,221109
Louisiana,,2021/1/20,228831
Louisiana,,2021/1/21,240762
Louisiana,,2021/1/22,256670
Louisiana,,2021/1/23,272630
Louisiana,,2021/1/24,290955
Louisiana,,2021/1/25,297684
Louisiana,,2021/1/26,301874
Louisiana,,2021/1/27,311135
Louisiana,,2021/1/28,323609
Louisiana,,2021/1/29,339450
Louisiana,,2021/1/30,355024
Louisiana,,2021/1/31,369486
Louisiana,,2021/2/1,376491
Louisiana,,2021/2/2,378574
Louisiana,,2021/2/3,384041
Louisiana,,2021/2/4,393389
Louisiana,,2021/2/5,404021
Louisiana,,2021/2/6,419327
Louisiana,,2021/2/7,431119
Louisiana,,2021/2/8,436190
Louisiana,,2021/2/9,438336
Louisiana,,2021/2/10,448139
Louisiana,,2021/2/11,448139
Louisiana,,2021/2/12,482025
Maine,,2021/1/12,38045
Maine,,2021/1/13,39157
Maine,,2021/1/14,51631
Maine,,2021/1/15,51631
Maine,,2021/1/19,62716
Maine,,2021/1/20,64260
Maine,,2021/1/21,67133
Maine,,2021/1/22,70193
Maine,,2021/1/23,74110
Maine,,2021/1/24,79310
Maine,,2021/1/25,82837
Maine,,2021/1/26,83464
Maine,,2021/1/27,86103
Maine,,2021/1/28,88878
Maine,,2021/1/29,93513
Maine,,2021/1/30,99468
Maine,,2021/1/31,105665
Maine,,2021/2/1,109917
Maine,,2021/2/2,109917
Maine,,2021/2/3,109917
Maine,,2021/2/4,114962
Maine,,2021/2/5,119024
Maine,,2021/2/6,126127
Maine,,2021/2/7,132273
Maine,,2021/2/8,132273
Maine,,2021/2/9,138005
Maine,,2021/2/10,141778
Maine,,2021/2/11,141778
Maine,,2021/2/12,141778
Marshall Islands,MHL,2021/1/12,623
Marshall Islands,MHL,2021/1/13,633
Marshall Islands,MHL,2021/1/14,623
Marshall Islands,MHL,2021/1/15,632
Marshall Islands,MHL,2021/1/19,1250
Marshall Islands,MHL,2021/1/20,1482
Marshall Islands,MHL,2021/1/21,1959
Marshall Islands,MHL,2021/1/22,2406
Marshall Islands,MHL,2021/1/23,2840
Marshall Islands,MHL,2021/1/24,3065
Marshall Islands,MHL,2021/1/25,3065
Marshall Islands,MHL,2021/1/26,3250
Marshall Islands,MHL,2021/1/27,3487
Marshall Islands,MHL,2021/1/28,3594
Marshall Islands,MHL,2021/1/29,3661
Marshall Islands,MHL,2021/1/30,3723
Marshall Islands,MHL,2021/1/31,3763
Marshall Islands,MHL,2021/2/1,3763
Marshall Islands,MHL,2021/2/2,3844
Marshall Islands,MHL,2021/2/3,3844
Marshall Islands,MHL,2021/2/4,3955
Marshall Islands,MHL,2021/2/5,4072
Marshall Islands,MHL,2021/2/6,4259
Marshall Islands,MHL,2021/2/7,4412
Marshall Islands,MHL,2021/2/8,4412
Marshall Islands,MHL,2021/2/9,4628
Marshall Islands,MHL,2021/2/10,4729
Marshall Islands,MHL,2021/2/11,4868
Marshall Islands,MHL,2021/2/12,4980
Maryland,,2021/1/12,136576
Maryland,,2021/1/13,162350
Maryland,,2021/1/14,165318
Maryland,,2021/1/15,178831
Maryland,,2021/1/19,225456
Maryland,,2021/1/20,233443
Maryland,,2021/1/21,243450
Maryland,,2021/1/22,256221
Maryland,,2021/1/23,272901
Maryland,,2021/1/24,300609
Maryland,,2021/1/25,311148
Maryland,,2021/1/26,322860
Maryland,,2021/1/27,340191
Maryland,,2021/1/28,355484
Maryland,,2021/1/29,375525
Maryland,,2021/1/30,398387
Maryland,,2021/1/31,422218
Maryland,,2021/2/1,440763
Maryland,,2021/2/2,448177
Maryland,,2021/2/3,454437
Maryland,,2021/2/4,463885
Maryland,,2021/2/5,478473
Maryland,,2021/2/6,496331
Maryland,,2021/2/7,518048
Maryland,,2021/2/8,531771
Maryland,,2021/2/9,537805
Maryland,,2021/2/10,551581
Maryland,,2021/2/11,563324
Maryland,,2021/2/12,580112
Massachusetts,,2021/1/12,184984
Massachusetts,,2021/1/13,192619
Massachusetts,,2021/1/14,204481
Massachusetts,,2021/1/15,222109
Massachusetts,,2021/1/19,277612
Massachusetts,,2021/1/20,288209
Massachusetts,,2021/1/21,306646
Massachusetts,,2021/1/22,318630
Massachusetts,,2021/1/23,334514
Massachusetts,,2021/1/24,356102
Massachusetts,,2021/1/25,368358
Massachusetts,,2021/1/26,376313
Massachusetts,,2021/1/27,390470
Massachusetts,,2021/1/28,406024
Massachusetts,,2021/1/29,422803
Massachusetts,,2021/1/30,438852
Massachusetts,,2021/1/31,461408
Massachusetts,,2021/2/1,484829
Massachusetts,,2021/2/2,497445
Massachusetts,,2021/2/3,497445
Massachusetts,,2021/2/4,517135
Massachusetts,,2021/2/5,539877
Massachusetts,,2021/2/6,571853
Massachusetts,,2021/2/7,609483
Massachusetts,,2021/2/8,630154
Massachusetts,,2021/2/9,649131
Massachusetts,,2021/2/10,687093
Massachusetts,,2021/2/11,715308
Massachusetts,,2021/2/12,741746
Michigan,,2021/1/12,207786
Michigan,,2021/1/13,259119
Michigan,,2021/1/14,286349
Michigan,,2021/1/15,312415
Michigan,,2021/1/19,417228
Michigan,,2021/1/20,434402
Michigan,,2021/1/21,463917
Michigan,,2021/1/22,497958
Michigan,,2021/1/23,536228
Michigan,,2021/1/24,573167
Michigan,,2021/1/25,599665
Michigan,,2021/1/26,611090
Michigan,,2021/1/27,629437
Michigan,,2021/1/28,659118
Michigan,,2021/1/29,695236
Michigan,,2021/1/30,734903
Michigan,,2021/1/31,772944
Michigan,,2021/2/1,794391
Michigan,,2021/2/2,801811
Michigan,,2021/2/3,814362
Michigan,,2021/2/4,835524
Michigan,,2021/2/5,866766
Michigan,,2021/2/6,896162
Michigan,,2021/2/7,924494
Michigan,,2021/2/8,938279
Michigan,,2021/2/9,950705
Michigan,,2021/2/10,971480
Michigan,,2021/2/11,997466
Michigan,,2021/2/12,1023114
Minnesota,,2021/1/12,152280
Minnesota,,2021/1/13,154767
Minnesota,,2021/1/14,161507
Minnesota,,2021/1/15,170273
Minnesota,,2021/1/19,209118
Minnesota,,2021/1/20,209862
Minnesota,,2021/1/21,213102
Minnesota,,2021/1/22,223957
Minnesota,,2021/1/23,240009
Minnesota,,2021/1/24,252927
Minnesota,,2021/1/25,273973
Minnesota,,2021/1/26,287195
Minnesota,,2021/1/27,298902
Minnesota,,2021/1/28,315664
Minnesota,,2021/1/29,340311
Minnesota,,2021/1/30,376632
Minnesota,,2021/1/31,402715
Minnesota,,2021/2/1,425546
Minnesota,,2021/2/2,431172
Minnesota,,2021/2/3,431172
Minnesota,,2021/2/4,459716
Minnesota,,2021/2/5,459716
Minnesota,,2021/2/6,509608
Minnesota,,2021/2/7,528537
Minnesota,,2021/2/8,541133
Minnesota,,2021/2/9,541133
Minnesota,,2021/2/10,541133
Minnesota,,2021/2/11,575084
Minnesota,,2021/2/12,595334
Mississippi,,2021/1/12,45733
Mississippi,,2021/1/13,51588
Mississippi,,2021/1/14,64654
Mississippi,,2021/1/15,75885
Mississippi,,2021/1/19,103946
Mississippi,,2021/1/20,112525
Mississippi,,2021/1/21,124931
Mississippi,,2021/1/22,136902
Mississippi,,2021/1/23,136902
Mississippi,,2021/1/24,161507
Mississippi,,2021/1/25,164715
Mississippi,,2021/1/26,165668
Mississippi,,2021/1/27,172522
Mississippi,,2021/1/28,181550
Mississippi,,2021/1/29,191145
Mississippi,,2021/1/30,199419
Mississippi,,2021/1/31,211689
Mississippi,,2021/2/1,213525
Mississippi,,2021/2/2,214460
Mississippi,,2021/2/3,222860
Mississippi,,2021/2/4,222860
Mississippi,,2021/2/5,238039
Mississippi,,2021/2/6,252569
Mississippi,,2021/2/7,264586
Mississippi,,2021/2/8,267797
Mississippi,,2021/2/9,268534
Mississippi,,2021/2/10,277287
Mississippi,,2021/2/11,286055
Mississippi,,2021/2/12,296066
Missouri,,2021/1/12,107939
Missouri,,2021/1/13,107939
Missouri,,2021/1/14,145521
Missouri,,2021/1/15,153664
Missouri,,2021/1/19,189793
Missouri,,2021/1/20,193867
Missouri,,2021/1/21,205217
Missouri,,2021/1/22,217597
Missouri,,2021/1/23,221849
Missouri,,2021/1/24,242937
Missouri,,2021/1/25,258298
Missouri,,2021/1/26,262230
Missouri,,2021/1/27,276990
Missouri,,2021/1/28,294872
Missouri,,2021/1/29,313161
Missouri,,2021/1/30,313161
Missouri,,2021/1/31,340708
Missouri,,2021/2/1,355387
Missouri,,2021/2/2,358762
Missouri,,2021/2/3,371382
Missouri,,2021/2/4,388692
Missouri,,2021/2/5,412990
Missouri,,2021/2/6,448830
Missouri,,2021/2/7,477412
Missouri,,2021/2/8,490686
Missouri,,2021/2/9,492766
Missouri,,2021/2/10,507801
Missouri,,2021/2/11,524638
Missouri,,2021/2/12,537256
Montana,,2021/1/12,30887
Montana,,2021/1/13,31886
Montana,,2021/1/14,39103
Montana,,2021/1/15,41160
Montana,,2021/1/19,47209
Montana,,2021/1/20,48086
Montana,,2021/1/21,50413
Montana,,2021/1/22,54453
Montana,,2021/1/23,59289
Montana,,2021/1/24,62498
Montana,,2021/1/25,63224
Montana,,2021/1/26,63481
Montana,,2021/1/27,65746
Montana,,2021/1/28,68032
Montana,,2021/1/29,71534
Montana,,2021/1/30,75432
Montana,,2021/1/31,79584
Montana,,2021/2/1,80627
Montana,,2021/2/2,81420
Montana,,2021/2/3,83875
Montana,,2021/2/4,87042
Montana,,2021/2/5,91611
Montana,,2021/2/6,96394
Montana,,2021/2/7,101262
Montana,,2021/2/8,102365
Montana,,2021/2/9,102903
Montana,,2021/2/10,106038
Montana,,2021/2/11,109266
Montana,,2021/2/12,115415
Nebraska,,2021/1/12,65924
Nebraska,,2021/1/13,69113
Nebraska,,2021/1/14,72079
Nebraska,,2021/1/15,77734
Nebraska,,2021/1/19,89054
Nebraska,,2021/1/20,91040
Nebraska,,2021/1/21,94850
Nebraska,,2021/1/22,99571
Nebraska,,2021/1/23,103620
Nebraska,,2021/1/24,109860
Nebraska,,2021/1/25,110672
Nebraska,,2021/1/26,111248
Nebraska,,2021/1/27,114154
Nebraska,,2021/1/28,116769
Nebraska,,2021/1/29,120121
Nebraska,,2021/1/30,125263
Nebraska,,2021/1/31,133002
Nebraska,,2021/2/1,134193
Nebraska,,2021/2/2,134877
Nebraska,,2021/2/3,138354
Nebraska,,2021/2/4,141657
Nebraska,,2021/2/5,147583
Nebraska,,2021/2/6,157139
Nebraska,,2021/2/7,163479
Nebraska,,2021/2/8,165037
Nebraska,,2021/2/9,165853
Nebraska,,2021/2/10,169053
Nebraska,,2021/2/11,172690
Nebraska,,2021/2/12,179502
Nevada,,2021/1/12,31320
Nevada,,2021/1/13,31320
Nevada,,2021/1/14,62370
Nevada,,2021/1/15,67679
Nevada,,2021/1/19,85391
Nevada,,2021/1/20,89110
Nevada,,2021/1/21,95837
Nevada,,2021/1/22,105222
Nevada,,2021/1/23,115160
Nevada,,2021/1/24,129223
Nevada,,2021/1/25,136670
Nevada,,2021/1/26,140934
Nevada,,2021/1/27,149464
Nevada,,2021/1/28,167481
Nevada,,2021/1/29,179805
Nevada,,2021/1/30,191175
Nevada,,2021/1/31,205892
Nevada,,2021/2/1,211931
Nevada,,2021/2/2,214342
Nevada,,2021/2/3,236799
Nevada,,2021/2/4,244381
Nevada,,2021/2/5,252886
Nevada,,2021/2/6,264060
Nevada,,2021/2/7,269657
Nevada,,2021/2/8,278091
Nevada,,2021/2/9,282040
Nevada,,2021/2/10,291370
Nevada,,2021/2/11,299502
Nevada,,2021/2/12,308611
New Hampshire,,2021/1/12,11615
New Hampshire,,2021/1/13,12722
New Hampshire,,2021/1/14,53780
New Hampshire,,2021/1/15,56797
New Hampshire,,2021/1/19,64402
New Hampshire,,2021/1/20,67366
New Hampshire,,2021/1/21,70281
New Hampshire,,2021/1/22,72979
New Hampshire,,2021/1/23,76609
New Hampshire,,2021/1/24,79942
New Hampshire,,2021/1/25,80674
New Hampshire,,2021/1/26,81417
New Hampshire,,2021/1/27,84813
New Hampshire,,2021/1/28,88624
New Hampshire,,2021/1/29,92305
New Hampshire,,2021/1/30,96148
New Hampshire,,2021/1/31,98524
New Hampshire,,2021/2/1,100041
New Hampshire,,2021/2/2,103364
New Hampshire,,2021/2/3,104042
New Hampshire,,2021/2/4,108112
New Hampshire,,2021/2/5,112544
New Hampshire,,2021/2/6,116523
New Hampshire,,2021/2/7,119552
New Hampshire,,2021/2/8,119763
New Hampshire,,2021/2/9,121201
New Hampshire,,2021/2/10,125466
New Hampshire,,2021/2/11,130806
New Hampshire,,2021/2/12,135257
New Jersey,,2021/1/12,206737
New Jersey,,2021/1/13,236053
New Jersey,,2021/1/14,235152
New Jersey,,2021/1/15,278956
New Jersey,,2021/1/19,354653
New Jersey,,2021/1/20,381159
New Jersey,,2021/1/21,381159
New Jersey,,2021/1/22,406494
New Jersey,,2021/1/23,437711
New Jersey,,2021/1/24,468760
New Jersey,,2021/1/25,492061
New Jersey,,2021/1/26,501812
New Jersey,,2021/1/27,530412
New Jersey,,2021/1/28,558156
New Jersey,,2021/1/29,616618
New Jersey,,2021/1/30,649035
New Jersey,,2021/1/31,670153
New Jersey,,2021/2/1,680591
New Jersey,,2021/2/2,697318
New Jersey,,2021/2/3,703957
New Jersey,,2021/2/4,703957
New Jersey,,2021/2/5,724879
New Jersey,,2021/2/6,791011
New Jersey,,2021/2/7,812914
New Jersey,,2021/2/8,822080
New Jersey,,2021/2/9,851190
New Jersey,,2021/2/10,883576
New Jersey,,2021/2/11,911345
New Jersey,,2021/2/12,941794
New Mexico,,2021/1/12,43344
New Mexico,,2021/1/13,45873
New Mexico,,2021/1/14,73428
New Mexico,,2021/1/15,80172
New Mexico,,2021/1/19,112450
New Mexico,,2021/1/20,116128
New Mexico,,2021/1/21,122956
New Mexico,,2021/1/22,130211
New Mexico,,2021/1/23,148964
New Mexico,,2021/1/24,162636
New Mexico,,2021/1/25,166530
New Mexico,,2021/1/26,171579
New Mexico,,2021/1/27,176038
New Mexico,,2021/1/28,180272
New Mexico,,2021/1/29,189082
New Mexico,,2021/1/30,195327
New Mexico,,2021/1/31,204968
New Mexico,,2021/2/1,212216
New Mexico,,2021/2/2,213941
New Mexico,,2021/2/3,219033
New Mexico,,2021/2/4,224290
New Mexico,,2021/2/5,231864
New Mexico,,2021/2/6,240516
New Mexico,,2021/2/7,245330
New Mexico,,2021/2/8,251082
New Mexico,,2021/2/9,253534
New Mexico,,2021/2/10,258073
New Mexico,,2021/2/11,264105
New Mexico,,2021/2/12,272325
New York State,,2021/1/12,543014
New York State,,2021/1/13,587865
New York State,,2021/1/14,617596
New York State,,2021/1/15,671311
New York State,,2021/1/19,884908
New York State,,2021/1/20,926339
New York State,,2021/1/21,982183
New York State,,2021/1/22,1048453
New York State,,2021/1/23,1105935
New York State,,2021/1/24,1172921
New York State,,2021/1/25,1215450
New York State,,2021/1/26,1245215
New York State,,2021/1/27,1286705
New York State,,2021/1/28,1320572
New York State,,2021/1/29,1359970
New York State,,2021/1/30,1417373
New York State,,2021/1/31,1473614
New York State,,2021/2/1,1511266
New York State,,2021/2/2,1541235
New York State,,2021/2/3,1562945
New York State,,2021/2/4,1576553
New York State,,2021/2/5,1610832
New York State,,2021/2/6,1661253
New York State,,2021/2/7,1722302
New York State,,2021/2/8,1767666
New York State,,2021/2/9,1795592
New York State,,2021/2/10,1833754
New York State,,2021/2/11,1869595
New York State,,2021/2/12,1907783
North Carolina,,2021/1/12,189213
North Carolina,,2021/1/13,228686
North Carolina,,2021/1/14,233038
North Carolina,,2021/1/15,259859
North Carolina,,2021/1/19,346533
North Carolina,,2021/1/20,368818
North Carolina,,2021/1/21,406257
North Carolina,,2021/1/22,450144
North Carolina,,2021/1/23,497387
North Carolina,,2021/1/24,552194
North Carolina,,2021/1/25,589436
North Carolina,,2021/1/26,611853
North Carolina,,2021/1/27,627980
North Carolina,,2021/1/28,728551
North Carolina,,2021/1/29,729507
North Carolina,,2021/1/30,762635
North Carolina,,2021/1/31,800782
North Carolina,,2021/2/1,818858
North Carolina,,2021/2/2,819119
North Carolina,,2021/2/3,855450
North Carolina,,2021/2/4,875375
North Carolina,,2021/2/5,902198
North Carolina,,2021/2/6,939554
North Carolina,,2021/2/7,979112
North Carolina,,2021/2/8,999151
North Carolina,,2021/2/9,1005714
North Carolina,,2021/2/10,1033527
North Carolina,,2021/2/11,1050246
North Carolina,,2021/2/12,1075646
North Dakota,,2021/1/12,33648
North Dakota,,2021/1/13,34317
North Dakota,,2021/1/14,35293
North Dakota,,2021/1/15,38506
North Dakota,,2021/1/19,47616
North Dakota,,2021/1/20,48350
North Dakota,,2021/1/21,48986
North Dakota,,2021/1/22,51018
North Dakota,,2021/1/23,53491
North Dakota,,2021/1/24,56158
North Dakota,,2021/1/25,57996
North Dakota,,2021/1/26,58131
North Dakota,,2021/1/27,58673
North Dakota,,2021/1/28,60164
North Dakota,,2021/1/29,63773
North Dakota,,2021/1/30,66885
North Dakota,,2021/1/31,70822
North Dakota,,2021/2/1,71587
North Dakota,,2021/2/2,71735
North Dakota,,2021/2/3,72589
North Dakota,,2021/2/4,74387
North Dakota,,2021/2/5,78325
North Dakota,,2021/2/6,81935
North Dakota,,2021/2/7,85482
North Dakota,,2021/2/8,87633
North Dakota,,2021/2/9,87633
North Dakota,,2021/2/10,88917
North Dakota,,2021/2/11,90939
North Dakota,,2021/2/12,94160
Northern Mariana Islands,MNP,2021/1/12,1094
Northern Mariana Islands,MNP,2021/1/13,1141
Northern Mariana Islands,MNP,2021/1/14,3455
Northern Mariana Islands,MNP,2021/1/15,3760
Northern Mariana Islands,MNP,2021/1/19,4453
Northern Mariana Islands,MNP,2021/1/20,4569
Northern Mariana Islands,MNP,2021/1/21,4606
Northern Mariana Islands,MNP,2021/1/22,4700
Northern Mariana Islands,MNP,2021/1/23,5019
Northern Mariana Islands,MNP,2021/1/24,5369
Northern Mariana Islands,MNP,2021/1/25,5474
Northern Mariana Islands,MNP,2021/1/26,5679
Northern Mariana Islands,MNP,2021/1/27,5966
Northern Mariana Islands,MNP,2021/1/28,6189
Northern Mariana Islands,MNP,2021/1/29,6486
Northern Mariana Islands,MNP,2021/1/30,6671
Northern Mariana Islands,MNP,2021/1/31,6896
Northern Mariana Islands,MNP,2021/2/1,6897
Northern Mariana Islands,MNP,2021/2/2,7062
Northern Mariana Islands,MNP,2021/2/3,7271
Northern Mariana Islands,MNP,2021/2/4,7561
Northern Mariana Islands,MNP,2021/2/5,7633
Northern Mariana Islands,MNP,2021/2/6,7770
Northern Mariana Islands,MNP,2021/2/7,7847
Northern Mariana Islands,MNP,2021/2/8,7860
Northern Mariana Islands,MNP,2021/2/9,8023
Northern Mariana Islands,MNP,2021/2/10,8174
Northern Mariana Islands,MNP,2021/2/11,8344
Northern Mariana Islands,MNP,2021/2/12,8497
Ohio,,2021/1/12,311867
Ohio,,2021/1/13,329295
Ohio,,2021/1/14,338961
Ohio,,2021/1/15,361818
Ohio,,2021/1/19,444812
Ohio,,2021/1/20,456424
Ohio,,2021/1/21,456424
Ohio,,2021/1/22,500557
Ohio,,2021/1/23,535544
Ohio,,2021/1/24,575488
Ohio,,2021/1/25,608379
Ohio,,2021/1/26,627390
Ohio,,2021/1/27,657075
Ohio,,2021/1/28,683323
Ohio,,2021/1/29,716677
Ohio,,2021/1/30,759337
Ohio,,2021/1/31,789605
Ohio,,2021/2/1,824597
Ohio,,2021/2/2,854741
Ohio,,2021/2/3,883630
Ohio,,2021/2/4,908994
Ohio,,2021/2/5,936321
Ohio,,2021/2/6,975620
Ohio,,2021/2/7,1006750
Ohio,,2021/2/8,1038595
Ohio,,2021/2/9,1059251
Ohio,,2021/2/10,1077597
Ohio,,2021/2/11,1107677
Ohio,,2021/2/12,1162381
Oklahoma,,2021/1/12,109045
Oklahoma,,2021/1/13,118786
Oklahoma,,2021/1/14,160035
Oklahoma,,2021/1/15,173162
Oklahoma,,2021/1/19,209687
Oklahoma,,2021/1/20,217690
Oklahoma,,2021/1/21,230902
Oklahoma,,2021/1/22,247954
Oklahoma,,2021/1/23,263315
Oklahoma,,2021/1/24,279283
Oklahoma,,2021/1/25,282679
Oklahoma,,2021/1/26,284799
Oklahoma,,2021/1/27,296308
Oklahoma,,2021/1/28,308458
Oklahoma,,2021/1/29,323625
Oklahoma,,2021/1/30,339382
Oklahoma,,2021/1/31,356891
Oklahoma,,2021/2/1,360670
Oklahoma,,2021/2/2,362529
Oklahoma,,2021/2/3,372020
Oklahoma,,2021/2/4,382044
Oklahoma,,2021/2/5,393313
Oklahoma,,2021/2/6,406359
Oklahoma,,2021/2/7,424612
Oklahoma,,2021/2/8,431499
Oklahoma,,2021/2/9,432422
Oklahoma,,2021/2/10,440614
Oklahoma,,2021/2/11,452166
Oklahoma,,2021/2/12,458056
Oregon,,2021/1/12,99594
Oregon,,2021/1/13,107843
Oregon,,2021/1/14,119980
Oregon,,2021/1/15,133091
Oregon,,2021/1/19,192550
Oregon,,2021/1/20,192550
Oregon,,2021/1/21,192550
Oregon,,2021/1/22,218413
Oregon,,2021/1/23,231606
Oregon,,2021/1/24,244669
Oregon,,2021/1/25,257296
Oregon,,2021/1/26,263167
Oregon,,2021/1/27,276200
Oregon,,2021/1/28,285528
Oregon,,2021/1/29,299508
Oregon,,2021/1/30,314964
Oregon,,2021/1/31,331692
Oregon,,2021/2/1,342827
Oregon,,2021/2/2,353035
Oregon,,2021/2/3,361249
Oregon,,2021/2/4,369704
Oregon,,2021/2/5,378078
Oregon,,2021/2/6,389513
Oregon,,2021/2/7,400019
Oregon,,2021/2/8,412660
Oregon,,2021/2/9,425086
Oregon,,2021/2/10,434561
Oregon,,2021/2/11,434561
Oregon,,2021/2/12,434561
Pennsylvania,,2021/1/12,266288
Pennsylvania,,2021/1/13,285938
Pennsylvania,,2021/1/14,353821
Pennsylvania,,2021/1/15,380727
Pennsylvania,,2021/1/19,464339
Pennsylvania,,2021/1/20,482791
Pennsylvania,,2021/1/21,508391
Pennsylvania,,2021/1/22,539431
Pennsylvania,,2021/1/23,572228
Pennsylvania,,2021/1/24,611359
Pennsylvania,,2021/1/25,639526
Pennsylvania,,2021/1/26,657711
Pennsylvania,,2021/1/27,693731
Pennsylvania,,2021/1/28,695656
Pennsylvania,,2021/1/29,777260
Pennsylvania,,2021/1/30,819889
Pennsylvania,,2021/1/31,862021
Pennsylvania,,2021/2/1,900237
Pennsylvania,,2021/2/2,916235
Pennsylvania,,2021/2/3,917497
Pennsylvania,,2021/2/4,958587
Pennsylvania,,2021/2/5,993076
Pennsylvania,,2021/2/6,1036395
Pennsylvania,,2021/2/7,1082700
Pennsylvania,,2021/2/8,1108626
Pennsylvania,,2021/2/9,1134099
Pennsylvania,,2021/2/10,1176825
Pennsylvania,,2021/2/11,1215755
Pennsylvania,,2021/2/12,1264215
Puerto Rico,PRI,2021/1/12,61486
Puerto Rico,PRI,2021/1/13,67475
Puerto Rico,PRI,2021/1/14,80310
Puerto Rico,PRI,2021/1/15,87512
Puerto Rico,PRI,2021/1/19,107661
Puerto Rico,PRI,2021/1/20,112524
Puerto Rico,PRI,2021/1/21,120250
Puerto Rico,PRI,2021/1/22,128284
Puerto Rico,PRI,2021/1/23,136400
Puerto Rico,PRI,2021/1/24,143910
Puerto Rico,PRI,2021/1/25,146984
Puerto Rico,PRI,2021/1/26,147910
Puerto Rico,PRI,2021/1/27,156071
Puerto Rico,PRI,2021/1/28,165862
Puerto Rico,PRI,2021/1/29,174840
Puerto Rico,PRI,2021/1/30,183630
Puerto Rico,PRI,2021/1/31,193842
Puerto Rico,PRI,2021/2/1,197187
Puerto Rico,PRI,2021/2/2,197187
Puerto Rico,PRI,2021/2/3,206430
Puerto Rico,PRI,2021/2/4,214661
Puerto Rico,PRI,2021/2/5,221431
Puerto Rico,PRI,2021/2/6,229133
Puerto Rico,PRI,2021/2/7,229133
Puerto Rico,PRI,2021/2/8,229133
Puerto Rico,PRI,2021/2/9,236882
Puerto Rico,PRI,2021/2/10,242200
Puerto Rico,PRI,2021/2/11,248934
Puerto Rico,PRI,2021/2/12,248934
Republic of Palau,,2021/1/12,416
Republic of Palau,,2021/1/13,725
Republic of Palau,,2021/1/14,765
Republic of Palau,,2021/1/15,1118
Republic of Palau,,2021/1/19,1913
Republic of Palau,,2021/1/20,1980
Republic of Palau,,2021/1/21,2403
Republic of Palau,,2021/1/22,2403
Republic of Palau,,2021/1/23,2683
Republic of Palau,,2021/1/24,3044
Republic of Palau,,2021/1/25,3044
Republic of Palau,,2021/1/26,3044
Republic of Palau,,2021/1/27,3046
Republic of Palau,,2021/1/28,3067
Republic of Palau,,2021/1/29,3088
Republic of Palau,,2021/1/30,3109
Republic of Palau,,2021/1/31,3109
Republic of Palau,,2021/2/1,3109
Republic of Palau,,2021/2/2,3109
Republic of Palau,,2021/2/3,3109
Republic of Palau,,2021/2/4,3109
Republic of Palau,,2021/2/5,3109
Republic of Palau,,2021/2/6,3109
Republic of Palau,,2021/2/7,3109
Republic of Palau,,2021/2/8,3109
Republic of Palau,,2021/2/9,3109
Republic of Palau,,2021/2/10,3109
Republic of Palau,,2021/2/11,3109
Republic of Palau,,2021/2/12,3109
Rhode Island,,2021/1/12,35385
Rhode Island,,2021/1/13,36489
Rhode Island,,2021/1/14,38000
Rhode Island,,2021/1/15,39381
Rhode Island,,2021/1/19,44164
Rhode Island,,2021/1/20,45904
Rhode Island,,2021/1/21,47859
Rhode Island,,2021/1/22,49932
Rhode Island,,2021/1/23,50650
Rhode Island,,2021/1/24,54287
Rhode Island,,2021/1/25,56751
Rhode Island,,2021/1/26,58097
Rhode Island,,2021/1/27,59853
Rhode Island,,2021/1/28,61554
Rhode Island,,2021/1/29,63263
Rhode Island,,2021/1/30,65668
Rhode Island,,2021/1/31,67744
Rhode Island,,2021/2/1,68779
Rhode Island,,2021/2/2,73486
Rhode Island,,2021/2/3,74473
Rhode Island,,2021/2/4,75963
Rhode Island,,2021/2/5,77940
Rhode Island,,2021/2/6,81085
Rhode Island,,2021/2/7,83326
Rhode Island,,2021/2/8,85037
Rhode Island,,2021/2/9,86264
Rhode Island,,2021/2/10,87862
Rhode Island,,2021/2/11,89723
Rhode Island,,2021/2/12,91809
South Carolina,,2021/1/12,77042
South Carolina,,2021/1/13,87584
South Carolina,,2021/1/14,96231
South Carolina,,2021/1/15,101722
South Carolina,,2021/1/19,155548
South Carolina,,2021/1/20,160518
South Carolina,,2021/1/21,173906
South Carolina,,2021/1/22,189170
South Carolina,,2021/1/23,206663
South Carolina,,2021/1/24,233257
South Carolina,,2021/1/25,258015
South Carolina,,2021/1/26,267262
South Carolina,,2021/1/27,275291
South Carolina,,2021/1/28,302890
South Carolina,,2021/1/29,322195
South Carolina,,2021/1/30,339544
South Carolina,,2021/1/31,361557
South Carolina,,2021/2/1,379136
South Carolina,,2021/2/2,385908
South Carolina,,2021/2/3,391585
South Carolina,,2021/2/4,403766
South Carolina,,2021/2/5,418519
South Carolina,,2021/2/6,435079
South Carolina,,2021/2/7,450531
South Carolina,,2021/2/8,460511
South Carolina,,2021/2/9,460511
South Carolina,,2021/2/10,475116
South Carolina,,2021/2/11,487418
South Carolina,,2021/2/12,500005
South Dakota,,2021/1/12,41322
South Dakota,,2021/1/13,42789
South Dakota,,2021/1/14,44721
South Dakota,,2021/1/15,47389
South Dakota,,2021/1/19,51288
South Dakota,,2021/1/20,52548
South Dakota,,2021/1/21,54531
South Dakota,,2021/1/22,56762
South Dakota,,2021/1/23,60982
South Dakota,,2021/1/24,63091
South Dakota,,2021/1/25,63950
South Dakota,,2021/1/26,64012
South Dakota,,2021/1/27,65031
South Dakota,,2021/1/28,67171
South Dakota,,2021/1/29,70502
South Dakota,,2021/1/30,74229
South Dakota,,2021/1/31,76523
South Dakota,,2021/2/1,77052
South Dakota,,2021/2/2,77125
South Dakota,,2021/2/3,79025
South Dakota,,2021/2/4,81697
South Dakota,,2021/2/5,85921
South Dakota,,2021/2/6,88882
South Dakota,,2021/2/7,91598
South Dakota,,2021/2/8,92615
South Dakota,,2021/2/9,92678
South Dakota,,2021/2/10,94744
South Dakota,,2021/2/11,97817
South Dakota,,2021/2/12,103076
Tennessee,,2021/1/12,143735
Tennessee,,2021/1/13,150893
Tennessee,,2021/1/14,238943
Tennessee,,2021/1/15,264912
Tennessee,,2021/1/19,302260
Tennessee,,2021/1/20,305780
Tennessee,,2021/1/21,313154
Tennessee,,2021/1/22,324543
Tennessee,,2021/1/23,335823
Tennessee,,2021/1/24,354407
Tennessee,,2021/1/25,361767
Tennessee,,2021/1/26,365235
Tennessee,,2021/1/27,374108
Tennessee,,2021/1/28,385682
Tennessee,,2021/1/29,400950
Tennessee,,2021/1/30,416716
Tennessee,,2021/1/31,438426
Tennessee,,2021/2/1,447977
Tennessee,,2021/2/2,450633
Tennessee,,2021/2/3,463300
Tennessee,,2021/2/4,477784
Tennessee,,2021/2/5,500458
Tennessee,,2021/2/6,521621
Tennessee,,2021/2/7,543793
Tennessee,,2021/2/8,554016
Tennessee,,2021/2/9,558590
Tennessee,,2021/2/10,577121
Tennessee,,2021/2/11,595081
Tennessee,,2021/2/12,618010
Texas,,2021/1/12,809148
Texas,,2021/1/13,861072
Texas,,2021/1/14,917387
Texas,,2021/1/15,1003412
Texas,,2021/1/19,1222952
Texas,,2021/1/20,1282998
Texas,,2021/1/21,1337706
Texas,,2021/1/22,1412767
Texas,,2021/1/23,1474571
Texas,,2021/1/24,1502751
Texas,,2021/1/25,1532381
Texas,,2021/1/26,1614648
Texas,,2021/1/27,1648575
Texas,,2021/1/28,1731725
Texas,,2021/1/29,1804291
Texas,,2021/1/30,1886813
Texas,,2021/1/31,1928227
Texas,,2021/2/1,1991555
Texas,,2021/2/2,1991555
Texas,,2021/2/3,2086493
Texas,,2021/2/4,2181310
Texas,,2021/2/5,2257870
Texas,,2021/2/6,2371311
Texas,,2021/2/7,2464468
Texas,,2021/2/8,2512804
Texas,,2021/2/9,2589885
Texas,,2021/2/10,2672352
Texas,,2021/2/11,2745305
Texas,,2021/2/12,2834361
United States,USA,2021/1/12,7398897
United States,USA,2021/1/13,8015434
United States,USA,2021/1/14,9690757
United States,USA,2021/1/15,10595866
United States,USA,2021/1/19,13595803
United States,USA,2021/1/20,14270441
United States,USA,2021/1/21,15053257
United States,USA,2021/1/22,16243093
United States,USA,2021/1/23,17390345
United States,USA,2021/1/24,18502131
United States,USA,2021/1/25,19252279
United States,USA,2021/1/26,19902237
United States,USA,2021/1/27,20687970
United States,USA,2021/1/28,21698606
United States,USA,2021/1/29,22858318
United States,USA,2021/1/30,24064165
United States,USA,2021/1/31,25201143
United States,USA,2021/2/1,26023153
United States,USA,2021/2/2,26440836
United States,USA,2021/2/3,27154956
United States,USA,2021/2/4,27905197
United States,USA,2021/2/5,28909497
United States,USA,2021/2/6,30250964
United States,USA,2021/2/7,31579100
United States,USA,2021/2/8,32340146
United States,USA,2021/2/9,32867213
United States,USA,2021/2/10,33783384
United States,USA,2021/2/11,34723964
United States,USA,2021/2/12,35834855
Utah,,2021/1/12,90613
Utah,,2021/1/13,98010
Utah,,2021/1/14,103833
Utah,,2021/1/15,114504
Utah,,2021/1/19,144056
Utah,,2021/1/20,159814
Utah,,2021/1/21,166334
Utah,,2021/1/22,175364
Utah,,2021/1/23,175364
Utah,,2021/1/24,175364
Utah,,2021/1/25,195221
Utah,,2021/1/26,196507
Utah,,2021/1/27,201134
Utah,,2021/1/28,201134
Utah,,2021/1/29,219468
Utah,,2021/1/30,227616
Utah,,2021/1/31,227616
Utah,,2021/2/1,244613
Utah,,2021/2/2,245534
Utah,,2021/2/3,245534
Utah,,2021/2/4,258569
Utah,,2021/2/5,271345
Utah,,2021/2/6,284458
Utah,,2021/2/7,284458
Utah,,2021/2/8,304991
Utah,,2021/2/9,307059
Utah,,2021/2/10,307059
Utah,,2021/2/11,307059
Utah,,2021/2/12,307059
Vermont,,2021/1/14,26603
Vermont,,2021/1/15,28355
Vermont,,2021/1/19,34427
Vermont,,2021/1/20,34607
Vermont,,2021/1/21,36233
Vermont,,2021/1/22,38432
Vermont,,2021/1/23,40484
Vermont,,2021/1/24,41950
Vermont,,2021/1/25,43356
Vermont,,2021/1/26,43994
Vermont,,2021/1/27,44498
Vermont,,2021/1/28,46376
Vermont,,2021/1/29,47485
Vermont,,2021/1/30,48473
Vermont,,2021/1/31,50571
Vermont,,2021/2/1,53967
Vermont,,2021/2/2,54994
Vermont,,2021/2/3,55357
Vermont,,2021/2/4,56221
Vermont,,2021/2/5,57432
Vermont,,2021/2/6,58637
Vermont,,2021/2/7,60863
Vermont,,2021/2/8,63024
Vermont,,2021/2/9,64864
Vermont,,2021/2/10,65577
Vermont,,2021/2/11,67024
Vermont,,2021/2/12,68654
Veterans Health,,2021/1/12,207449
Veterans Health,,2021/1/13,227886
Veterans Health,,2021/1/14,252993
Veterans Health,,2021/1/15,280461
Veterans Health,,2021/1/19,372382
Veterans Health,,2021/1/20,387870
Veterans Health,,2021/1/21,463738
Veterans Health,,2021/1/22,497096
Veterans Health,,2021/1/23,529784
Veterans Health,,2021/1/24,564247
Veterans Health,,2021/1/25,600685
Veterans Health,,2021/1/26,600904
Veterans Health,,2021/1/27,626115
Veterans Health,,2021/1/28,655236
Veterans Health,,2021/1/29,688872
Veterans Health,,2021/1/30,721252
Veterans Health,,2021/1/31,754720
Veterans Health,,2021/2/1,781179
Veterans Health,,2021/2/2,789785
Veterans Health,,2021/2/3,813455
Veterans Health,,2021/2/4,816665
Veterans Health,,2021/2/5,847699
Veterans Health,,2021/2/6,876409
Veterans Health,,2021/2/7,927688
Veterans Health,,2021/2/8,952628
Veterans Health,,2021/2/9,958539
Veterans Health,,2021/2/10,988979
Veterans Health,,2021/2/11,1020271
Veterans Health,,2021/2/12,1056801
Virgin Islands,,2021/1/14,1267
Virgin Islands,,2021/1/15,1474
Virgin Islands,,2021/1/19,1970
Virgin Islands,,2021/1/20,2178
Virgin Islands,,2021/1/21,2450
Virgin Islands,,2021/1/22,2703
Virgin Islands,,2021/1/23,2946
Virgin Islands,,2021/1/24,2969
Virgin Islands,,2021/1/25,2984
Virgin Islands,,2021/1/26,3251
Virgin Islands,,2021/1/27,3538
Virgin Islands,,2021/1/28,3901
Virgin Islands,,2021/1/29,4367
Virgin Islands,,2021/1/30,4898
Virgin Islands,,2021/1/31,4920
Virgin Islands,,2021/2/1,5026
Virgin Islands,,2021/2/2,5447
Virgin Islands,,2021/2/3,5906
Virgin Islands,,2021/2/4,6237
Virgin Islands,,2021/2/5,6673
Virgin Islands,,2021/2/6,6961
Virgin Islands,,2021/2/7,6972
Virgin Islands,,2021/2/8,7014
Virgin Islands,,2021/2/9,7313
Virgin Islands,,2021/2/10,7762
Virgin Islands,,2021/2/11,8039
Virgin Islands,,2021/2/12,8404
Virginia,,2021/1/14,192918
Virginia,,2021/1/15,214732
Virginia,,2021/1/19,290146
Virginia,,2021/1/20,304160
Virginia,,2021/1/21,320175
Virginia,,2021/1/22,353808
Virginia,,2021/1/23,376378
Virginia,,2021/1/24,393127
Virginia,,2021/1/25,415684
Virginia,,2021/1/26,497055
Virginia,,2021/1/27,524196
Virginia,,2021/1/28,552909
Virginia,,2021/1/29,598853
Virginia,,2021/1/30,648378
Virginia,,2021/1/31,687883
Virginia,,2021/2/1,718113
Virginia,,2021/2/2,742017
Virginia,,2021/2/3,757544
Virginia,,2021/2/4,774590
Virginia,,2021/2/5,805624
Virginia,,2021/2/6,842587
Virginia,,2021/2/7,875842
Virginia,,2021/2/8,897049
Virginia,,2021/2/9,912014
Virginia,,2021/2/10,925586
Virginia,,2021/2/11,945182
Virginia,,2021/2/12,971199
Washington,,2021/1/12,162105
Washington,,2021/1/13,169650
Washington,,2021/1/14,187450
Washington,,2021/1/15,200682
Washington,,2021/1/19,265507
Washington,,2021/1/20,286500
Washington,,2021/1/21,306942
Washington,,2021/1/22,330357
Washington,,2021/1/23,359217
Washington,,2021/1/24,370231
Washington,,2021/1/25,404326
Washington,,2021/1/26,420728
Washington,,2021/1/27,441895
Washington,,2021/1/28,468528
Washington,,2021/1/29,496008
Washington,,2021/1/30,524466
Washington,,2021/1/31,555505
Washington,,2021/2/1,582420
Washington,,2021/2/2,599313
Washington,,2021/2/3,616340
Washington,,2021/2/4,637940
Washington,,2021/2/5,658508
Washington,,2021/2/6,684484
Washington,,2021/2/7,709023
Washington,,2021/2/8,731739
Washington,,2021/2/9,740234
Washington,,2021/2/10,780179
Washington,,2021/2/11,797359
Washington,,2021/2/12,819728
West Virginia,,2021/1/14,99061
West Virginia,,2021/1/15,113034
West Virginia,,2021/1/19,128923
West Virginia,,2021/1/20,132929
West Virginia,,2021/1/21,135950
West Virginia,,2021/1/22,145361
West Virginia,,2021/1/23,156854
West Virginia,,2021/1/24,163801
West Virginia,,2021/1/25,164528
West Virginia,,2021/1/26,167660
West Virginia,,2021/1/27,169671
West Virginia,,2021/1/28,173750
West Virginia,,2021/1/29,181839
West Virginia,,2021/1/30,191225
West Virginia,,2021/1/31,192580
West Virginia,,2021/2/1,192951
West Virginia,,2021/2/2,194301
West Virginia,,2021/2/3,195200
West Virginia,,2021/2/4,197939
West Virginia,,2021/2/5,203731
West Virginia,,2021/2/6,214301
West Virginia,,2021/2/7,217613
West Virginia,,2021/2/8,218266
West Virginia,,2021/2/9,219723
West Virginia,,2021/2/10,222233
West Virginia,,2021/2/11,226323
West Virginia,,2021/2/12,230596
Wisconsin,,2021/1/12,125895
Wisconsin,,2021/1/13,125895
Wisconsin,,2021/1/14,135841
Wisconsin,,2021/1/15,151387
Wisconsin,,2021/1/19,188144
Wisconsin,,2021/1/20,193461
Wisconsin,,2021/1/21,204746
Wisconsin,,2021/1/22,221067
Wisconsin,,2021/1/23,241512
Wisconsin,,2021/1/24,260664
Wisconsin,,2021/1/25,266481
Wisconsin,,2021/1/26,268091
Wisconsin,,2021/1/27,281166
Wisconsin,,2021/1/28,302339
Wisconsin,,2021/1/29,339296
Wisconsin,,2021/1/30,375931
Wisconsin,,2021/1/31,409614
Wisconsin,,2021/2/1,429609
Wisconsin,,2021/2/2,437456
Wisconsin,,2021/2/3,457768
Wisconsin,,2021/2/4,458321
Wisconsin,,2021/2/5,491942
Wisconsin,,2021/2/6,521331
Wisconsin,,2021/2/7,581413
Wisconsin,,2021/2/8,595912
Wisconsin,,2021/2/9,600268
Wisconsin,,2021/2/10,619711
Wisconsin,,2021/2/11,640058
Wisconsin,,2021/2/12,664353
Wyoming,,2021/1/12,13577
Wyoming,,2021/1/13,14406
Wyoming,,2021/1/14,17310
Wyoming,,2021/1/15,19931
Wyoming,,2021/1/19,24788
Wyoming,,2021/1/20,25841
Wyoming,,2021/1/21,25841
Wyoming,,2021/1/22,29993
Wyoming,,2021/1/23,32746
Wyoming,,2021/1/24,35868
Wyoming,,2021/1/25,36215
Wyoming,,2021/1/26,36398
Wyoming,,2021/1/27,37963
Wyoming,,2021/1/28,37963
Wyoming,,2021/1/29,41441
Wyoming,,2021/1/30,41441
Wyoming,,2021/1/31,47639
Wyoming,,2021/2/1,48155
Wyoming,,2021/2/2,48255
Wyoming,,2021/2/3,49361
Wyoming,,2021/2/4,49361
Wyoming,,2021/2/5,53630
Wyoming,,2021/2/6,56076
Wyoming,,2021/2/7,56076
Wyoming,,2021/2/8,58775
Wyoming,,2021/2/9,58775
Wyoming,,2021/2/10,61170
Wyoming,,2021/2/11,61170
Wyoming,,2021/2/12,65857