Entity,Code,Date,people_vaccinated_per_hundred
Alabama,,2021/1/12,1.44
Alabama,,2021/1/13,1.52
Alabama,,2021/1/14,1.64
Alabama,,2021/1/15,1.77
Alabama,,2021/1/19,2.33
Alabama,,2021/1/20,2.47
Alabama,,2021/1/21,2.95
Alabama,,2021/1/22,3.56
Alabama,,2021/1/23,3.96
Alabama,,2021/1/24,4.36
Alabama,,2021/1/25,4.5
Alabama,,2021/1/26,4.57
Alabama,,2021/1/27,4.74
Alabama,,2021/1/28,4.92
Alabama,,2021/1/29,5.23
Alabama,,2021/1/30,5.88
Alabama,,2021/1/31,6.08
Alabama,,2021/2/1,6.15
Alabama,,2021/2/2,6.38
Alabama,,2021/2/3,6.63
Alabama,,2021/2/4,6.91
Alabama,,2021/2/5,7.21
Alabama,,2021/2/6,7.55
Alabama,,2021/2/7,7.66
Alabama,,2021/2/8,7.72
Alabama,,2021/2/9,8.06
Alabama,,2021/2/10,8.41
Alabama,,2021/2/11,8.8
Alaska,,2021/1/12,3.07
Alaska,,2021/1/13,3.36
Alaska,,2021/1/14,4.85
Alaska,,2021/1/15,5.41
Alaska,,2021/1/19,7.58
Alaska,,2021/1/20,7.78
Alaska,,2021/1/21,8.13
Alaska,,2021/1/22,9.2
Alaska,,2021/1/23,9.98
Alaska,,2021/1/24,10.65
Alaska,,2021/1/25,10.97
Alaska,,2021/1/26,11.1
Alaska,,2021/1/27,11.4
Alaska,,2021/1/28,11.71
Alaska,,2021/1/29,12.12
Alaska,,2021/1/30,12.55
Alaska,,2021/1/31,12.97
Alaska,,2021/2/1,13.18
Alaska,,2021/2/2,13.27
Alaska,,2021/2/3,13.41
Alaska,,2021/2/4,13.61
Alaska,,2021/2/5,13.84
Alaska,,2021/2/6,14.1
Alaska,,2021/2/7,14.53
Alaska,,2021/2/8,15.02
Alaska,,2021/2/9,15.16
Alaska,,2021/2/10,15.37
Alaska,,2021/2/11,15.86
American Samoa,ASM,2021/1/12,1.51
American Samoa,ASM,2021/1/13,2.14
American Samoa,ASM,2021/1/14,4.33
American Samoa,ASM,2021/1/15,5.65
American Samoa,ASM,2021/1/19,7.16
American Samoa,ASM,2021/1/20,8.04
American Samoa,ASM,2021/1/21,8.5
American Samoa,ASM,2021/1/22,10.1
American Samoa,ASM,2021/1/23,10.56
American Samoa,ASM,2021/1/24,12.74
American Samoa,ASM,2021/1/25,12.74
American Samoa,ASM,2021/1/26,13.23
American Samoa,ASM,2021/1/27,14.6
American Samoa,ASM,2021/1/28,14.6
American Samoa,ASM,2021/1/29,16.03
American Samoa,ASM,2021/1/30,16.03
American Samoa,ASM,2021/1/31,16.03
American Samoa,ASM,2021/2/1,17.44
American Samoa,ASM,2021/2/2,17.44
American Samoa,ASM,2021/2/3,17.52
American Samoa,ASM,2021/2/4,17.53
American Samoa,ASM,2021/2/5,17.55
American Samoa,ASM,2021/2/6,17.56
American Samoa,ASM,2021/2/7,17.56
American Samoa,ASM,2021/2/8,17.56
American Samoa,ASM,2021/2/9,17.58
American Samoa,ASM,2021/2/10,17.63
American Samoa,ASM,2021/2/11,17.64
Arizona,,2021/1/12,1.31
Arizona,,2021/1/13,1.43
Arizona,,2021/1/14,2.16
Arizona,,2021/1/15,2.42
Arizona,,2021/1/19,3.23
Arizona,,2021/1/20,3.39
Arizona,,2021/1/21,3.6
Arizona,,2021/1/22,3.85
Arizona,,2021/1/23,4.2
Arizona,,2021/1/24,4.56
Arizona,,2021/1/25,4.82
Arizona,,2021/1/26,5.03
Arizona,,2021/1/27,5.34
Arizona,,2021/1/28,5.67
Arizona,,2021/1/29,6.04
Arizona,,2021/1/30,6.46
Arizona,,2021/1/31,6.88
Arizona,,2021/2/1,7.2
Arizona,,2021/2/2,7.34
Arizona,,2021/2/3,7.6
Arizona,,2021/2/4,7.88
Arizona,,2021/2/5,8.21
Arizona,,2021/2/6,8.65
Arizona,,2021/2/7,9.02
Arizona,,2021/2/8,9.32
Arizona,,2021/2/9,9.56
Arizona,,2021/2/10,9.88
Arizona,,2021/2/11,10.27
Arkansas,,2021/1/12,1.3
Arkansas,,2021/1/13,2.67
Arkansas,,2021/1/14,2.99
Arkansas,,2021/1/15,3.24
Arkansas,,2021/1/19,3.94
Arkansas,,2021/1/20,4.8
Arkansas,,2021/1/21,4.8
Arkansas,,2021/1/22,5.56
Arkansas,,2021/1/23,5.56
Arkansas,,2021/1/24,5.94
Arkansas,,2021/1/25,6.15
Arkansas,,2021/1/26,6.52
Arkansas,,2021/1/27,6.94
Arkansas,,2021/1/28,6.94
Arkansas,,2021/1/29,7.34
Arkansas,,2021/1/30,7.75
Arkansas,,2021/1/31,8.11
Arkansas,,2021/2/1,8.28
Arkansas,,2021/2/2,8.34
Arkansas,,2021/2/3,8.49
Arkansas,,2021/2/4,8.83
Arkansas,,2021/2/5,9.1
Arkansas,,2021/2/6,9.62
Arkansas,,2021/2/7,9.95
Arkansas,,2021/2/8,10.09
Arkansas,,2021/2/9,10.14
Arkansas,,2021/2/10,10.32
Arkansas,,2021/2/11,10.5
California,,2021/1/12,1.78
California,,2021/1/13,1.88
California,,2021/1/14,2.03
California,,2021/1/15,2.19
California,,2021/1/19,3.03
California,,2021/1/20,3.18
California,,2021/1/21,3.38
California,,2021/1/22,3.74
California,,2021/1/23,4.2
California,,2021/1/24,4.65
California,,2021/1/25,4.94
California,,2021/1/26,5.2
California,,2021/1/27,5.46
California,,2021/1/28,5.77
California,,2021/1/29,6.11
California,,2021/1/30,6.49
California,,2021/1/31,6.88
California,,2021/2/1,7.24
California,,2021/2/2,7.44
California,,2021/2/3,7.71
California,,2021/2/4,7.81
California,,2021/2/5,8.17
California,,2021/2/6,8.58
California,,2021/2/7,9.25
California,,2021/2/8,9.65
California,,2021/2/9,9.82
California,,2021/2/10,10.11
California,,2021/2/11,10.4
Colorado,,2021/1/12,3.26
Colorado,,2021/1/13,3.44
Colorado,,2021/1/14,3.63
Colorado,,2021/1/15,3.89
Colorado,,2021/1/19,4.84
Colorado,,2021/1/20,4.99
Colorado,,2021/1/21,5.15
Colorado,,2021/1/22,5.44
Colorado,,2021/1/23,5.44
Colorado,,2021/1/24,6.17
Colorado,,2021/1/25,6.34
Colorado,,2021/1/26,6.46
Colorado,,2021/1/27,6.63
Colorado,,2021/1/28,6.84
Colorado,,2021/1/29,7.12
Colorado,,2021/1/30,7.35
Colorado,,2021/1/31,7.65
Colorado,,2021/2/1,7.91
Colorado,,2021/2/2,8.07
Colorado,,2021/2/3,8.21
Colorado,,2021/2/4,8.43
Colorado,,2021/2/5,8.6
Colorado,,2021/2/6,8.89
Colorado,,2021/2/7,9.18
Colorado,,2021/2/8,9.38
Colorado,,2021/2/9,9.41
Colorado,,2021/2/10,9.68
Colorado,,2021/2/11,9.92
Connecticut,,2021/1/12,1.58
Connecticut,,2021/1/13,1.65
Connecticut,,2021/1/14,4.39
Connecticut,,2021/1/15,4.68
Connecticut,,2021/1/19,5.66
Connecticut,,2021/1/20,5.98
Connecticut,,2021/1/21,6.48
Connecticut,,2021/1/22,6.98
Connecticut,,2021/1/23,7.41
Connecticut,,2021/1/24,7.72
Connecticut,,2021/1/25,7.93
Connecticut,,2021/1/26,8.17
Connecticut,,2021/1/27,8.49
Connecticut,,2021/1/28,8.84
Connecticut,,2021/1/29,9.23
Connecticut,,2021/1/30,9.56
Connecticut,,2021/1/31,9.81
Connecticut,,2021/2/1,10.03
Connecticut,,2021/2/2,10.14
Connecticut,,2021/2/3,10.26
Connecticut,,2021/2/4,10.54
Connecticut,,2021/2/5,10.87
Connecticut,,2021/2/6,11.1
Connecticut,,2021/2/7,11.28
Connecticut,,2021/2/8,11.41
Connecticut,,2021/2/9,11.57
Connecticut,,2021/2/10,11.87
Connecticut,,2021/2/11,12.26
Delaware,,2021/1/12,1.63
Delaware,,2021/1/13,1.71
Delaware,,2021/1/14,2.63
Delaware,,2021/1/15,2.63
Delaware,,2021/1/19,3.66
Delaware,,2021/1/20,3.96
Delaware,,2021/1/21,4.3
Delaware,,2021/1/22,4.65
Delaware,,2021/1/23,5.08
Delaware,,2021/1/24,5.4
Delaware,,2021/1/25,5.66
Delaware,,2021/1/26,5.82
Delaware,,2021/1/27,6.67
Delaware,,2021/1/28,7.08
Delaware,,2021/1/29,7.46
Delaware,,2021/1/30,7.9
Delaware,,2021/1/31,8.52
Delaware,,2021/2/1,8.68
Delaware,,2021/2/2,8.74
Delaware,,2021/2/3,9.07
Delaware,,2021/2/4,9.21
Delaware,,2021/2/5,9.48
Delaware,,2021/2/6,9.75
Delaware,,2021/2/7,10.11
Delaware,,2021/2/8,10.34
Delaware,,2021/2/9,10.41
Delaware,,2021/2/10,10.61
Delaware,,2021/2/11,10.86
District of Columbia,,2021/1/13,0.28
District of Columbia,,2021/1/14,4.24
District of Columbia,,2021/1/15,4.49
District of Columbia,,2021/1/19,5.63
District of Columbia,,2021/1/20,5.83
District of Columbia,,2021/1/21,6.15
District of Columbia,,2021/1/22,6.34
District of Columbia,,2021/1/23,6.67
District of Columbia,,2021/1/24,6.98
District of Columbia,,2021/1/25,7.21
District of Columbia,,2021/1/26,7.28
District of Columbia,,2021/1/27,7.59
District of Columbia,,2021/1/28,7.88
District of Columbia,,2021/1/29,8.1
District of Columbia,,2021/1/30,8.44
District of Columbia,,2021/1/31,8.75
District of Columbia,,2021/2/1,8.96
District of Columbia,,2021/2/2,9.1
District of Columbia,,2021/2/3,9.24
District of Columbia,,2021/2/4,9.44
District of Columbia,,2021/2/5,9.92
District of Columbia,,2021/2/6,10.17
District of Columbia,,2021/2/7,10.42
District of Columbia,,2021/2/8,10.68
District of Columbia,,2021/2/9,10.68
District of Columbia,,2021/2/10,10.68
District of Columbia,,2021/2/11,11.3
Federated States of Micronesia,,2021/1/12,0.4
Federated States of Micronesia,,2021/1/13,0.53
Federated States of Micronesia,,2021/1/14,0.58
Federated States of Micronesia,,2021/1/15,0.67
Federated States of Micronesia,,2021/1/19,1.38
Federated States of Micronesia,,2021/1/20,1.69
Federated States of Micronesia,,2021/1/21,2.01
Federated States of Micronesia,,2021/1/22,2.42
Federated States of Micronesia,,2021/1/23,2.65
Federated States of Micronesia,,2021/1/24,2.65
Federated States of Micronesia,,2021/1/25,2.66
Federated States of Micronesia,,2021/1/26,2.87
Federated States of Micronesia,,2021/1/27,3.1
Federated States of Micronesia,,2021/1/28,3.35
Federated States of Micronesia,,2021/1/29,3.8
Federated States of Micronesia,,2021/1/30,3.8
Federated States of Micronesia,,2021/1/31,3.8
Federated States of Micronesia,,2021/2/1,4.89
Federated States of Micronesia,,2021/2/2,5.48
Federated States of Micronesia,,2021/2/3,5.99
Federated States of Micronesia,,2021/2/4,6.41
Federated States of Micronesia,,2021/2/5,6.7
Federated States of Micronesia,,2021/2/6,6.98
Federated States of Micronesia,,2021/2/7,7.05
Federated States of Micronesia,,2021/2/8,7.05
Federated States of Micronesia,,2021/2/9,7.28
Federated States of Micronesia,,2021/2/10,7.47
Federated States of Micronesia,,2021/2/11,7.71
Florida,,2021/1/12,2.73
Florida,,2021/1/13,3.01
Florida,,2021/1/14,3.3
Florida,,2021/1/15,3.62
Florida,,2021/1/19,4.98
Florida,,2021/1/20,5.24
Florida,,2021/1/21,5.24
Florida,,2021/1/22,5.52
Florida,,2021/1/23,6.21
Florida,,2021/1/24,6.45
Florida,,2021/1/25,6.45
Florida,,2021/1/26,6.58
Florida,,2021/1/27,6.76
Florida,,2021/1/28,6.97
Florida,,2021/1/29,7.24
Florida,,2021/1/30,7.5
Florida,,2021/1/31,7.71
Florida,,2021/2/1,7.84
Florida,,2021/2/2,7.97
Florida,,2021/2/3,8.16
Florida,,2021/2/4,8.35
Florida,,2021/2/5,8.44
Florida,,2021/2/6,8.68
Florida,,2021/2/7,9.15
Florida,,2021/2/8,9.15
Florida,,2021/2/9,9.42
Florida,,2021/2/10,9.61
Florida,,2021/2/11,9.86
Georgia,GEO,2021/1/12,0.8
Georgia,GEO,2021/1/13,0.81
Georgia,GEO,2021/1/14,1.92
Georgia,GEO,2021/1/15,1.92
Georgia,GEO,2021/1/19,2.62
Georgia,GEO,2021/1/20,3.35
Georgia,GEO,2021/1/21,3.83
Georgia,GEO,2021/1/22,5.03
Georgia,GEO,2021/1/23,5.03
Georgia,GEO,2021/1/24,5.03
Georgia,GEO,2021/1/25,5.03
Georgia,GEO,2021/1/26,5.57
Georgia,GEO,2021/1/27,5.87
Georgia,GEO,2021/1/28,6.21
Georgia,GEO,2021/1/29,6.53
Georgia,GEO,2021/1/30,6.87
Georgia,GEO,2021/1/31,7.22
Georgia,GEO,2021/2/1,7.4
Georgia,GEO,2021/2/2,7.44
Georgia,GEO,2021/2/3,7.66
Georgia,GEO,2021/2/4,7.86
Georgia,GEO,2021/2/5,8.1
Georgia,GEO,2021/2/6,8.36
Georgia,GEO,2021/2/7,8.59
Georgia,GEO,2021/2/8,8.7
Georgia,GEO,2021/2/9,8.73
Georgia,GEO,2021/2/10,8.91
Georgia,GEO,2021/2/11,9.11
Guam,GUM,2021/1/12,0.24
Guam,GUM,2021/1/13,0.24
Guam,GUM,2021/1/14,2.28
Guam,GUM,2021/1/15,2.28
Guam,GUM,2021/1/19,2.28
Guam,GUM,2021/1/20,2.28
Guam,GUM,2021/1/21,2.28
Guam,GUM,2021/1/22,2.28
Guam,GUM,2021/1/23,2.28
Guam,GUM,2021/1/24,2.28
Guam,GUM,2021/1/25,2.28
Guam,GUM,2021/1/26,8.07
Guam,GUM,2021/1/27,8.61
Guam,GUM,2021/1/28,9.29
Guam,GUM,2021/1/29,10.1
Guam,GUM,2021/1/30,10.73
Guam,GUM,2021/1/31,10.73
Guam,GUM,2021/2/1,11.18
Guam,GUM,2021/2/2,11.88
Guam,GUM,2021/2/3,12.54
Guam,GUM,2021/2/4,12.54
Guam,GUM,2021/2/5,13.19
Guam,GUM,2021/2/6,13.99
Guam,GUM,2021/2/7,14.22
Guam,GUM,2021/2/8,14.29
Guam,GUM,2021/2/9,14.73
Guam,GUM,2021/2/10,15.27
Guam,GUM,2021/2/11,15.7
Hawaii,,2021/1/15,2.8
Hawaii,,2021/1/19,3.72
Hawaii,,2021/1/20,4.1
Hawaii,,2021/1/21,4.47
Hawaii,,2021/1/22,4.8
Hawaii,,2021/1/23,4.8
Hawaii,,2021/1/24,4.8
Hawaii,,2021/1/25,5.25
Hawaii,,2021/1/26,5.36
Hawaii,,2021/1/27,5.59
Hawaii,,2021/1/28,5.94
Hawaii,,2021/1/29,6.32
Hawaii,,2021/1/30,6.83
Hawaii,,2021/1/31,7.3
Hawaii,,2021/2/1,7.68
Hawaii,,2021/2/2,7.82
Hawaii,,2021/2/3,8.15
Hawaii,,2021/2/4,8.51
Hawaii,,2021/2/5,8.95
Hawaii,,2021/2/6,9.37
Hawaii,,2021/2/7,9.69
Hawaii,,2021/2/8,10.05
Hawaii,,2021/2/9,10.05
Hawaii,,2021/2/10,10.05
Hawaii,,2021/2/11,10.64
Idaho,,2021/1/12,1.76
Idaho,,2021/1/13,1.86
Idaho,,2021/1/14,1.97
Idaho,,2021/1/15,2.11
Idaho,,2021/1/19,3
Idaho,,2021/1/20,3.26
Idaho,,2021/1/21,3.42
Idaho,,2021/1/22,3.6
Idaho,,2021/1/23,3.82
Idaho,,2021/1/24,4.05
Idaho,,2021/1/25,4.26
Idaho,,2021/1/26,4.39
Idaho,,2021/1/27,4.52
Idaho,,2021/1/28,4.78
Idaho,,2021/1/29,4.98
Idaho,,2021/1/30,5.24
Idaho,,2021/1/31,5.5
Idaho,,2021/2/1,5.65
Idaho,,2021/2/2,5.76
Idaho,,2021/2/3,6
Idaho,,2021/2/4,6.33
Idaho,,2021/2/5,6.72
Idaho,,2021/2/6,7.49
Idaho,,2021/2/7,7.89
Idaho,,2021/2/8,8.35
Idaho,,2021/2/9,8.47
Idaho,,2021/2/10,8.69
Idaho,,2021/2/11,8.94
Illinois,,2021/1/12,2.24
Illinois,,2021/1/13,2.3
Illinois,,2021/1/14,2.5
Illinois,,2021/1/15,2.7
Illinois,,2021/1/19,3.27
Illinois,,2021/1/20,3.36
Illinois,,2021/1/21,3.57
Illinois,,2021/1/22,3.79
Illinois,,2021/1/23,4.09
Illinois,,2021/1/24,4.39
Illinois,,2021/1/25,4.57
Illinois,,2021/1/26,4.66
Illinois,,2021/1/27,4.82
Illinois,,2021/1/28,5.08
Illinois,,2021/1/29,5.41
Illinois,,2021/1/30,5.78
Illinois,,2021/1/31,6.17
Illinois,,2021/2/1,6.45
Illinois,,2021/2/2,6.56
Illinois,,2021/2/3,6.78
Illinois,,2021/2/4,7.15
Illinois,,2021/2/5,7.59
Illinois,,2021/2/6,8.12
Illinois,,2021/2/7,8.58
Illinois,,2021/2/8,8.93
Illinois,,2021/2/9,9.06
Illinois,,2021/2/10,9.46
Illinois,,2021/2/11,9.82
Indiana,,2021/1/12,1.7
Indiana,,2021/1/13,1.87
Indiana,,2021/1/14,3.03
Indiana,,2021/1/15,3.31
Indiana,,2021/1/19,4.22
Indiana,,2021/1/20,4.42
Indiana,,2021/1/21,4.76
Indiana,,2021/1/22,5.05
Indiana,,2021/1/23,5.46
Indiana,,2021/1/24,5.46
Indiana,,2021/1/25,6.06
Indiana,,2021/1/26,6.15
Indiana,,2021/1/27,6.43
Indiana,,2021/1/28,6.75
Indiana,,2021/1/29,7.07
Indiana,,2021/1/30,7.36
Indiana,,2021/1/31,7.36
Indiana,,2021/2/1,7.36
Indiana,,2021/2/2,7.41
Indiana,,2021/2/3,7.68
Indiana,,2021/2/4,8.04
Indiana,,2021/2/5,8.44
Indiana,,2021/2/6,8.81
Indiana,,2021/2/7,8.81
Indiana,,2021/2/8,8.81
Indiana,,2021/2/9,8.89
Indiana,,2021/2/10,9.18
Indiana,,2021/2/11,9.46
Iowa,,2021/1/12,2.92
Iowa,,2021/1/13,3.23
Iowa,,2021/1/14,3.2
Iowa,,2021/1/15,3.42
Iowa,,2021/1/19,4.12
Iowa,,2021/1/20,4.23
Iowa,,2021/1/21,4.42
Iowa,,2021/1/22,4.62
Iowa,,2021/1/23,4.79
Iowa,,2021/1/24,5
Iowa,,2021/1/25,5.12
Iowa,,2021/1/26,5.16
Iowa,,2021/1/27,5.24
Iowa,,2021/1/28,5.37
Iowa,,2021/1/29,5.54
Iowa,,2021/1/30,5.79
Iowa,,2021/1/31,6.04
Iowa,,2021/2/1,6.15
Iowa,,2021/2/2,6.19
Iowa,,2021/2/3,6.32
Iowa,,2021/2/4,6.55
Iowa,,2021/2/5,6.84
Iowa,,2021/2/6,7.11
Iowa,,2021/2/7,7.53
Iowa,,2021/2/8,8
Iowa,,2021/2/9,8.16
Iowa,,2021/2/10,8.52
Iowa,,2021/2/11,8.96
Kansas,,2021/1/12,1.85
Kansas,,2021/1/13,2.01
Kansas,,2021/1/14,2.66
Kansas,,2021/1/15,2.86
Kansas,,2021/1/19,3.5
Kansas,,2021/1/20,3.63
Kansas,,2021/1/21,3.84
Kansas,,2021/1/22,4
Kansas,,2021/1/23,4.22
Kansas,,2021/1/24,4.37
Kansas,,2021/1/25,4.46
Kansas,,2021/1/26,4.54
Kansas,,2021/1/27,4.83
Kansas,,2021/1/28,5.41
Kansas,,2021/1/29,5.41
Kansas,,2021/1/30,5.78
Kansas,,2021/1/31,6.18
Kansas,,2021/2/1,6.28
Kansas,,2021/2/2,6.35
Kansas,,2021/2/3,6.59
Kansas,,2021/2/4,6.81
Kansas,,2021/2/5,7.1
Kansas,,2021/2/6,7.49
Kansas,,2021/2/7,7.85
Kansas,,2021/2/8,7.98
Kansas,,2021/2/9,8.02
Kansas,,2021/2/10,8.28
Kansas,,2021/2/11,8.55
Kentucky,,2021/1/12,2.3
Kentucky,,2021/1/13,2.5
Kentucky,,2021/1/14,3.25
Kentucky,,2021/1/15,3.64
Kentucky,,2021/1/19,4.51
Kentucky,,2021/1/20,4.67
Kentucky,,2021/1/21,4.88
Kentucky,,2021/1/22,5.14
Kentucky,,2021/1/23,5.45
Kentucky,,2021/1/24,6.01
Kentucky,,2021/1/25,6.17
Kentucky,,2021/1/26,6.26
Kentucky,,2021/1/27,6.39
Kentucky,,2021/1/28,6.65
Kentucky,,2021/1/29,6.99
Kentucky,,2021/1/30,7.26
Kentucky,,2021/1/31,7.56
Kentucky,,2021/2/1,7.78
Kentucky,,2021/2/2,7.85
Kentucky,,2021/2/3,8.06
Kentucky,,2021/2/4,8.33
Kentucky,,2021/2/5,8.68
Kentucky,,2021/2/6,9.1
Kentucky,,2021/2/7,9.47
Kentucky,,2021/2/8,9.72
Kentucky,,2021/2/9,9.76
Kentucky,,2021/2/10,9.91
Kentucky,,2021/2/11,10.17
Louisiana,,2021/1/12,2.52
Louisiana,,2021/1/13,2.73
Louisiana,,2021/1/14,3.21
Louisiana,,2021/1/15,3.6
Louisiana,,2021/1/19,4.76
Louisiana,,2021/1/20,4.92
Louisiana,,2021/1/21,5.18
Louisiana,,2021/1/22,5.52
Louisiana,,2021/1/23,5.86
Louisiana,,2021/1/24,6.26
Louisiana,,2021/1/25,6.4
Louisiana,,2021/1/26,6.49
Louisiana,,2021/1/27,6.69
Louisiana,,2021/1/28,6.96
Louisiana,,2021/1/29,7.3
Louisiana,,2021/1/30,7.64
Louisiana,,2021/1/31,7.95
Louisiana,,2021/2/1,8.1
Louisiana,,2021/2/2,8.14
Louisiana,,2021/2/3,8.26
Louisiana,,2021/2/4,8.46
Louisiana,,2021/2/5,8.69
Louisiana,,2021/2/6,9.02
Louisiana,,2021/2/7,9.27
Louisiana,,2021/2/8,9.38
Louisiana,,2021/2/9,9.43
Louisiana,,2021/2/10,9.64
Louisiana,,2021/2/11,9.64
Maine,,2021/1/12,2.83
Maine,,2021/1/13,2.91
Maine,,2021/1/14,3.84
Maine,,2021/1/15,3.84
Maine,,2021/1/19,4.67
Maine,,2021/1/20,4.78
Maine,,2021/1/21,4.99
Maine,,2021/1/22,5.22
Maine,,2021/1/23,5.51
Maine,,2021/1/24,5.9
Maine,,2021/1/25,6.16
Maine,,2021/1/26,6.21
Maine,,2021/1/27,6.4
Maine,,2021/1/28,6.61
Maine,,2021/1/29,6.96
Maine,,2021/1/30,7.4
Maine,,2021/1/31,7.86
Maine,,2021/2/1,8.18
Maine,,2021/2/2,8.18
Maine,,2021/2/3,8.18
Maine,,2021/2/4,8.55
Maine,,2021/2/5,8.86
Maine,,2021/2/6,9.38
Maine,,2021/2/7,9.84
Maine,,2021/2/8,9.84
Maine,,2021/2/9,10.27
Maine,,2021/2/10,10.55
Maine,,2021/2/11,10.55
Marshall Islands,MHL,2021/1/12,1.07
Marshall Islands,MHL,2021/1/13,1.08
Marshall Islands,MHL,2021/1/14,1.07
Marshall Islands,MHL,2021/1/15,1.08
Marshall Islands,MHL,2021/1/19,2.14
Marshall Islands,MHL,2021/1/20,2.54
Marshall Islands,MHL,2021/1/21,3.35
Marshall Islands,MHL,2021/1/22,4.12
Marshall Islands,MHL,2021/1/23,4.86
Marshall Islands,MHL,2021/1/24,5.25
Marshall Islands,MHL,2021/1/25,5.25
Marshall Islands,MHL,2021/1/26,5.56
Marshall Islands,MHL,2021/1/27,5.97
Marshall Islands,MHL,2021/1/28,6.15
Marshall Islands,MHL,2021/1/29,6.27
Marshall Islands,MHL,2021/1/30,6.37
Marshall Islands,MHL,2021/1/31,6.44
Marshall Islands,MHL,2021/2/1,6.44
Marshall Islands,MHL,2021/2/2,6.58
Marshall Islands,MHL,2021/2/3,6.58
Marshall Islands,MHL,2021/2/4,6.77
Marshall Islands,MHL,2021/2/5,6.97
Marshall Islands,MHL,2021/2/6,7.29
Marshall Islands,MHL,2021/2/7,7.55
Marshall Islands,MHL,2021/2/8,7.55
Marshall Islands,MHL,2021/2/9,7.92
Marshall Islands,MHL,2021/2/10,8.1
Marshall Islands,MHL,2021/2/11,8.33
Maryland,,2021/1/12,2.26
Maryland,,2021/1/13,2.68
Maryland,,2021/1/14,2.73
Maryland,,2021/1/15,2.96
Maryland,,2021/1/19,3.73
Maryland,,2021/1/20,3.86
Maryland,,2021/1/21,4.03
Maryland,,2021/1/22,4.24
Maryland,,2021/1/23,4.51
Maryland,,2021/1/24,4.97
Maryland,,2021/1/25,5.15
Maryland,,2021/1/26,5.34
Maryland,,2021/1/27,5.63
Maryland,,2021/1/28,5.88
Maryland,,2021/1/29,6.21
Maryland,,2021/1/30,6.59
Maryland,,2021/1/31,6.98
Maryland,,2021/2/1,7.29
Maryland,,2021/2/2,7.41
Maryland,,2021/2/3,7.52
Maryland,,2021/2/4,7.67
Maryland,,2021/2/5,7.91
Maryland,,2021/2/6,8.21
Maryland,,2021/2/7,8.57
Maryland,,2021/2/8,8.8
Maryland,,2021/2/9,8.9
Maryland,,2021/2/10,9.12
Maryland,,2021/2/11,9.32
Massachusetts,,2021/1/12,2.68
Massachusetts,,2021/1/13,2.8
Massachusetts,,2021/1/14,2.97
Massachusetts,,2021/1/15,3.22
Massachusetts,,2021/1/19,4.03
Massachusetts,,2021/1/20,4.18
Massachusetts,,2021/1/21,4.45
Massachusetts,,2021/1/22,4.62
Massachusetts,,2021/1/23,4.85
Massachusetts,,2021/1/24,5.17
Massachusetts,,2021/1/25,5.34
Massachusetts,,2021/1/26,5.46
Massachusetts,,2021/1/27,5.66
Massachusetts,,2021/1/28,5.89
Massachusetts,,2021/1/29,6.13
Massachusetts,,2021/1/30,6.37
Massachusetts,,2021/1/31,6.69
Massachusetts,,2021/2/1,7.03
Massachusetts,,2021/2/2,7.22
Massachusetts,,2021/2/3,7.22
Massachusetts,,2021/2/4,7.5
Massachusetts,,2021/2/5,7.83
Massachusetts,,2021/2/6,8.3
Massachusetts,,2021/2/7,8.84
Massachusetts,,2021/2/8,9.14
Massachusetts,,2021/2/9,9.42
Massachusetts,,2021/2/10,9.97
Massachusetts,,2021/2/11,10.38
Michigan,,2021/1/12,2.08
Michigan,,2021/1/13,2.6
Michigan,,2021/1/14,2.87
Michigan,,2021/1/15,3.13
Michigan,,2021/1/19,4.18
Michigan,,2021/1/20,4.35
Michigan,,2021/1/21,4.64
Michigan,,2021/1/22,4.99
Michigan,,2021/1/23,5.37
Michigan,,2021/1/24,5.74
Michigan,,2021/1/25,6
Michigan,,2021/1/26,6.12
Michigan,,2021/1/27,6.3
Michigan,,2021/1/28,6.6
Michigan,,2021/1/29,6.96
Michigan,,2021/1/30,7.36
Michigan,,2021/1/31,7.74
Michigan,,2021/2/1,7.95
Michigan,,2021/2/2,8.03
Michigan,,2021/2/3,8.15
Michigan,,2021/2/4,8.37
Michigan,,2021/2/5,8.68
Michigan,,2021/2/6,8.97
Michigan,,2021/2/7,9.26
Michigan,,2021/2/8,9.4
Michigan,,2021/2/9,9.52
Michigan,,2021/2/10,9.73
Michigan,,2021/2/11,9.99
Minnesota,,2021/1/12,2.7
Minnesota,,2021/1/13,2.74
Minnesota,,2021/1/14,2.86
Minnesota,,2021/1/15,3.02
Minnesota,,2021/1/19,3.71
Minnesota,,2021/1/20,3.72
Minnesota,,2021/1/21,3.78
Minnesota,,2021/1/22,3.97
Minnesota,,2021/1/23,4.26
Minnesota,,2021/1/24,4.49
Minnesota,,2021/1/25,4.86
Minnesota,,2021/1/26,5.09
Minnesota,,2021/1/27,5.3
Minnesota,,2021/1/28,5.6
Minnesota,,2021/1/29,6.03
Minnesota,,2021/1/30,6.68
Minnesota,,2021/1/31,7.14
Minnesota,,2021/2/1,7.55
Minnesota,,2021/2/2,7.64
Minnesota,,2021/2/3,7.64
Minnesota,,2021/2/4,8.15
Minnesota,,2021/2/5,8.15
Minnesota,,2021/2/6,9.04
Minnesota,,2021/2/7,9.37
Minnesota,,2021/2/8,9.59
Minnesota,,2021/2/9,9.59
Minnesota,,2021/2/10,9.59
Minnesota,,2021/2/11,10.2
Mississippi,,2021/1/12,1.54
Mississippi,,2021/1/13,1.73
Mississippi,,2021/1/14,2.17
Mississippi,,2021/1/15,2.55
Mississippi,,2021/1/19,3.49
Mississippi,,2021/1/20,3.78
Mississippi,,2021/1/21,4.2
Mississippi,,2021/1/22,4.6
Mississippi,,2021/1/23,4.6
Mississippi,,2021/1/24,5.43
Mississippi,,2021/1/25,5.54
Mississippi,,2021/1/26,5.57
Mississippi,,2021/1/27,5.8
Mississippi,,2021/1/28,6.1
Mississippi,,2021/1/29,6.42
Mississippi,,2021/1/30,6.7
Mississippi,,2021/1/31,7.11
Mississippi,,2021/2/1,7.18
Mississippi,,2021/2/2,7.21
Mississippi,,2021/2/3,7.49
Mississippi,,2021/2/4,7.49
Mississippi,,2021/2/5,8
Mississippi,,2021/2/6,8.49
Mississippi,,2021/2/7,8.89
Mississippi,,2021/2/8,9
Mississippi,,2021/2/9,9.02
Mississippi,,2021/2/10,9.32
Mississippi,,2021/2/11,9.61
Missouri,,2021/1/12,1.76
Missouri,,2021/1/13,1.76
Missouri,,2021/1/14,2.37
Missouri,,2021/1/15,2.5
Missouri,,2021/1/19,3.09
Missouri,,2021/1/20,3.16
Missouri,,2021/1/21,3.34
Missouri,,2021/1/22,3.55
Missouri,,2021/1/23,3.62
Missouri,,2021/1/24,3.96
Missouri,,2021/1/25,4.21
Missouri,,2021/1/26,4.27
Missouri,,2021/1/27,4.51
Missouri,,2021/1/28,4.8
Missouri,,2021/1/29,5.1
Missouri,,2021/1/30,5.1
Missouri,,2021/1/31,5.55
Missouri,,2021/2/1,5.79
Missouri,,2021/2/2,5.85
Missouri,,2021/2/3,6.05
Missouri,,2021/2/4,6.33
Missouri,,2021/2/5,6.73
Missouri,,2021/2/6,7.31
Missouri,,2021/2/7,7.78
Missouri,,2021/2/8,7.99
Missouri,,2021/2/9,8.03
Missouri,,2021/2/10,8.27
Missouri,,2021/2/11,8.55
Montana,,2021/1/12,2.89
Montana,,2021/1/13,2.98
Montana,,2021/1/14,3.66
Montana,,2021/1/15,3.85
Montana,,2021/1/19,4.42
Montana,,2021/1/20,4.5
Montana,,2021/1/21,4.72
Montana,,2021/1/22,5.1
Montana,,2021/1/23,5.55
Montana,,2021/1/24,5.85
Montana,,2021/1/25,5.92
Montana,,2021/1/26,5.94
Montana,,2021/1/27,6.15
Montana,,2021/1/28,6.36
Montana,,2021/1/29,6.69
Montana,,2021/1/30,7.06
Montana,,2021/1/31,7.45
Montana,,2021/2/1,7.54
Montana,,2021/2/2,7.62
Montana,,2021/2/3,7.85
Montana,,2021/2/4,8.14
Montana,,2021/2/5,8.57
Montana,,2021/2/6,9.02
Montana,,2021/2/7,9.48
Montana,,2021/2/8,9.58
Montana,,2021/2/9,9.63
Montana,,2021/2/10,9.92
Montana,,2021/2/11,10.22
Nebraska,,2021/1/12,3.41
Nebraska,,2021/1/13,3.57
Nebraska,,2021/1/14,3.73
Nebraska,,2021/1/15,4.02
Nebraska,,2021/1/19,4.6
Nebraska,,2021/1/20,4.71
Nebraska,,2021/1/21,4.9
Nebraska,,2021/1/22,5.15
Nebraska,,2021/1/23,5.36
Nebraska,,2021/1/24,5.68
Nebraska,,2021/1/25,5.72
Nebraska,,2021/1/26,5.75
Nebraska,,2021/1/27,5.9
Nebraska,,2021/1/28,6.04
Nebraska,,2021/1/29,6.21
Nebraska,,2021/1/30,6.48
Nebraska,,2021/1/31,6.88
Nebraska,,2021/2/1,6.94
Nebraska,,2021/2/2,6.97
Nebraska,,2021/2/3,7.15
Nebraska,,2021/2/4,7.32
Nebraska,,2021/2/5,7.63
Nebraska,,2021/2/6,8.12
Nebraska,,2021/2/7,8.45
Nebraska,,2021/2/8,8.53
Nebraska,,2021/2/9,8.57
Nebraska,,2021/2/10,8.74
Nebraska,,2021/2/11,8.93
Nevada,,2021/1/12,1.02
Nevada,,2021/1/13,1.02
Nevada,,2021/1/14,2.02
Nevada,,2021/1/15,2.2
Nevada,,2021/1/19,2.77
Nevada,,2021/1/20,2.89
Nevada,,2021/1/21,3.11
Nevada,,2021/1/22,3.42
Nevada,,2021/1/23,3.74
Nevada,,2021/1/24,4.2
Nevada,,2021/1/25,4.44
Nevada,,2021/1/26,4.58
Nevada,,2021/1/27,4.85
Nevada,,2021/1/28,5.44
Nevada,,2021/1/29,5.84
Nevada,,2021/1/30,6.21
Nevada,,2021/1/31,6.68
Nevada,,2021/2/1,6.88
Nevada,,2021/2/2,6.96
Nevada,,2021/2/3,7.69
Nevada,,2021/2/4,7.93
Nevada,,2021/2/5,8.21
Nevada,,2021/2/6,8.57
Nevada,,2021/2/7,8.76
Nevada,,2021/2/8,9.03
Nevada,,2021/2/9,9.16
Nevada,,2021/2/10,9.46
Nevada,,2021/2/11,9.72
New Hampshire,,2021/1/12,0.85
New Hampshire,,2021/1/13,0.94
New Hampshire,,2021/1/14,3.96
New Hampshire,,2021/1/15,4.18
New Hampshire,,2021/1/19,4.74
New Hampshire,,2021/1/20,4.95
New Hampshire,,2021/1/21,5.17
New Hampshire,,2021/1/22,5.37
New Hampshire,,2021/1/23,5.63
New Hampshire,,2021/1/24,5.88
New Hampshire,,2021/1/25,5.93
New Hampshire,,2021/1/26,5.99
New Hampshire,,2021/1/27,6.24
New Hampshire,,2021/1/28,6.52
New Hampshire,,2021/1/29,6.79
New Hampshire,,2021/1/30,7.07
New Hampshire,,2021/1/31,7.25
New Hampshire,,2021/2/1,7.36
New Hampshire,,2021/2/2,7.6
New Hampshire,,2021/2/3,7.65
New Hampshire,,2021/2/4,7.95
New Hampshire,,2021/2/5,8.28
New Hampshire,,2021/2/6,8.57
New Hampshire,,2021/2/7,8.79
New Hampshire,,2021/2/8,8.81
New Hampshire,,2021/2/9,8.91
New Hampshire,,2021/2/10,9.23
New Hampshire,,2021/2/11,9.62
New Jersey,,2021/1/12,2.33
New Jersey,,2021/1/13,2.66
New Jersey,,2021/1/14,2.65
New Jersey,,2021/1/15,3.14
New Jersey,,2021/1/19,3.99
New Jersey,,2021/1/20,4.29
New Jersey,,2021/1/21,4.29
New Jersey,,2021/1/22,4.58
New Jersey,,2021/1/23,4.93
New Jersey,,2021/1/24,5.28
New Jersey,,2021/1/25,5.54
New Jersey,,2021/1/26,5.65
New Jersey,,2021/1/27,5.97
New Jersey,,2021/1/28,6.28
New Jersey,,2021/1/29,6.94
New Jersey,,2021/1/30,7.31
New Jersey,,2021/1/31,7.54
New Jersey,,2021/2/1,7.66
New Jersey,,2021/2/2,7.85
New Jersey,,2021/2/3,7.92
New Jersey,,2021/2/4,7.92
New Jersey,,2021/2/5,8.16
New Jersey,,2021/2/6,8.91
New Jersey,,2021/2/7,9.15
New Jersey,,2021/2/8,9.25
New Jersey,,2021/2/9,9.58
New Jersey,,2021/2/10,9.95
New Jersey,,2021/2/11,10.26
New Mexico,,2021/1/12,2.07
New Mexico,,2021/1/13,2.19
New Mexico,,2021/1/14,3.5
New Mexico,,2021/1/15,3.82
New Mexico,,2021/1/19,5.36
New Mexico,,2021/1/20,5.54
New Mexico,,2021/1/21,5.86
New Mexico,,2021/1/22,6.21
New Mexico,,2021/1/23,7.1
New Mexico,,2021/1/24,7.76
New Mexico,,2021/1/25,7.94
New Mexico,,2021/1/26,8.18
New Mexico,,2021/1/27,8.4
New Mexico,,2021/1/28,8.6
New Mexico,,2021/1/29,9.02
New Mexico,,2021/1/30,9.32
New Mexico,,2021/1/31,9.78
New Mexico,,2021/2/1,10.12
New Mexico,,2021/2/2,10.2
New Mexico,,2021/2/3,10.45
New Mexico,,2021/2/4,10.7
New Mexico,,2021/2/5,11.06
New Mexico,,2021/2/6,11.47
New Mexico,,2021/2/7,11.7
New Mexico,,2021/2/8,11.97
New Mexico,,2021/2/9,12.09
New Mexico,,2021/2/10,12.31
New Mexico,,2021/2/11,12.6
New York,,2021/1/12,2.79
New York,,2021/1/13,3.02
New York,,2021/1/14,3.18
New York,,2021/1/15,3.45
New York,,2021/1/19,4.55
New York,,2021/1/20,4.76
New York,,2021/1/21,5.05
New York,,2021/1/22,5.39
New York,,2021/1/23,5.68
New York,,2021/1/24,6.03
New York,,2021/1/25,6.25
New York,,2021/1/26,6.4
New York,,2021/1/27,6.61
New York,,2021/1/28,6.79
New York,,2021/1/29,6.99
New York,,2021/1/30,7.29
New York,,2021/1/31,7.58
New York,,2021/2/1,7.77
New York,,2021/2/2,7.92
New York,,2021/2/3,8.03
New York,,2021/2/4,8.1
New York,,2021/2/5,8.28
New York,,2021/2/6,8.54
New York,,2021/2/7,8.85
New York,,2021/2/8,9.09
New York,,2021/2/9,9.23
New York,,2021/2/10,9.43
New York,,2021/2/11,9.61
North Carolina,,2021/1/12,1.8
North Carolina,,2021/1/13,2.18
North Carolina,,2021/1/14,2.22
North Carolina,,2021/1/15,2.48
North Carolina,,2021/1/19,3.3
North Carolina,,2021/1/20,3.52
North Carolina,,2021/1/21,3.87
North Carolina,,2021/1/22,4.29
North Carolina,,2021/1/23,4.74
North Carolina,,2021/1/24,5.26
North Carolina,,2021/1/25,5.62
North Carolina,,2021/1/26,5.83
North Carolina,,2021/1/27,5.99
North Carolina,,2021/1/28,6.95
North Carolina,,2021/1/29,6.96
North Carolina,,2021/1/30,7.27
North Carolina,,2021/1/31,7.64
North Carolina,,2021/2/1,7.81
North Carolina,,2021/2/2,7.81
North Carolina,,2021/2/3,8.16
North Carolina,,2021/2/4,8.35
North Carolina,,2021/2/5,8.6
North Carolina,,2021/2/6,8.96
North Carolina,,2021/2/7,9.34
North Carolina,,2021/2/8,9.53
North Carolina,,2021/2/9,9.59
North Carolina,,2021/2/10,9.85
North Carolina,,2021/2/11,10.01
North Dakota,,2021/1/12,4.42
North Dakota,,2021/1/13,4.5
North Dakota,,2021/1/14,4.63
North Dakota,,2021/1/15,5.05
North Dakota,,2021/1/19,6.25
North Dakota,,2021/1/20,6.35
North Dakota,,2021/1/21,6.43
North Dakota,,2021/1/22,6.69
North Dakota,,2021/1/23,7.02
North Dakota,,2021/1/24,7.37
North Dakota,,2021/1/25,7.61
North Dakota,,2021/1/26,7.63
North Dakota,,2021/1/27,7.7
North Dakota,,2021/1/28,7.9
North Dakota,,2021/1/29,8.37
North Dakota,,2021/1/30,8.78
North Dakota,,2021/1/31,9.29
North Dakota,,2021/2/1,9.39
North Dakota,,2021/2/2,9.41
North Dakota,,2021/2/3,9.52
North Dakota,,2021/2/4,9.76
North Dakota,,2021/2/5,10.28
North Dakota,,2021/2/6,10.75
North Dakota,,2021/2/7,11.22
North Dakota,,2021/2/8,11.5
North Dakota,,2021/2/9,11.5
North Dakota,,2021/2/10,11.67
North Dakota,,2021/2/11,11.93
Northern Mariana Islands,MNP,2021/1/12,1.92
Northern Mariana Islands,MNP,2021/1/13,2.01
Northern Mariana Islands,MNP,2021/1/14,6.07
Northern Mariana Islands,MNP,2021/1/15,6.61
Northern Mariana Islands,MNP,2021/1/19,7.83
Northern Mariana Islands,MNP,2021/1/20,8.03
Northern Mariana Islands,MNP,2021/1/21,8.1
Northern Mariana Islands,MNP,2021/1/22,8.26
Northern Mariana Islands,MNP,2021/1/23,8.82
Northern Mariana Islands,MNP,2021/1/24,9.44
Northern Mariana Islands,MNP,2021/1/25,9.62
Northern Mariana Islands,MNP,2021/1/26,9.98
Northern Mariana Islands,MNP,2021/1/27,10.49
Northern Mariana Islands,MNP,2021/1/28,10.88
Northern Mariana Islands,MNP,2021/1/29,11.4
Northern Mariana Islands,MNP,2021/1/30,11.73
Northern Mariana Islands,MNP,2021/1/31,12.12
Northern Mariana Islands,MNP,2021/2/1,12.12
Northern Mariana Islands,MNP,2021/2/2,12.42
Northern Mariana Islands,MNP,2021/2/3,12.78
Northern Mariana Islands,MNP,2021/2/4,13.29
Northern Mariana Islands,MNP,2021/2/5,13.42
Northern Mariana Islands,MNP,2021/2/6,13.66
Northern Mariana Islands,MNP,2021/2/7,13.79
Northern Mariana Islands,MNP,2021/2/8,13.82
Northern Mariana Islands,MNP,2021/2/9,14.1
Northern Mariana Islands,MNP,2021/2/10,14.37
Northern Mariana Islands,MNP,2021/2/11,14.67
Ohio,,2021/1/12,2.67
Ohio,,2021/1/13,2.82
Ohio,,2021/1/14,2.9
Ohio,,2021/1/15,3.1
Ohio,,2021/1/19,3.8
Ohio,,2021/1/20,3.9
Ohio,,2021/1/21,3.9
Ohio,,2021/1/22,4.28
Ohio,,2021/1/23,4.58
Ohio,,2021/1/24,4.92
Ohio,,2021/1/25,5.2
Ohio,,2021/1/26,5.37
Ohio,,2021/1/27,5.62
Ohio,,2021/1/28,5.85
Ohio,,2021/1/29,6.13
Ohio,,2021/1/30,6.5
Ohio,,2021/1/31,6.76
Ohio,,2021/2/1,7.05
Ohio,,2021/2/2,7.31
Ohio,,2021/2/3,7.56
Ohio,,2021/2/4,7.78
Ohio,,2021/2/5,8.01
Ohio,,2021/2/6,8.35
Ohio,,2021/2/7,8.61
Ohio,,2021/2/8,8.88
Ohio,,2021/2/9,9.06
Ohio,,2021/2/10,9.22
Ohio,,2021/2/11,9.48
Oklahoma,,2021/1/12,2.76
Oklahoma,,2021/1/13,3
Oklahoma,,2021/1/14,4.04
Oklahoma,,2021/1/15,4.38
Oklahoma,,2021/1/19,5.3
Oklahoma,,2021/1/20,5.5
Oklahoma,,2021/1/21,5.84
Oklahoma,,2021/1/22,6.27
Oklahoma,,2021/1/23,6.65
Oklahoma,,2021/1/24,7.06
Oklahoma,,2021/1/25,7.14
Oklahoma,,2021/1/26,7.2
Oklahoma,,2021/1/27,7.49
Oklahoma,,2021/1/28,7.8
Oklahoma,,2021/1/29,8.18
Oklahoma,,2021/1/30,8.58
Oklahoma,,2021/1/31,9.02
Oklahoma,,2021/2/1,9.12
Oklahoma,,2021/2/2,9.16
Oklahoma,,2021/2/3,9.4
Oklahoma,,2021/2/4,9.65
Oklahoma,,2021/2/5,9.94
Oklahoma,,2021/2/6,10.27
Oklahoma,,2021/2/7,10.73
Oklahoma,,2021/2/8,10.9
Oklahoma,,2021/2/9,10.93
Oklahoma,,2021/2/10,11.14
Oklahoma,,2021/2/11,11.43
Oregon,,2021/1/12,2.36
Oregon,,2021/1/13,2.56
Oregon,,2021/1/14,2.84
Oregon,,2021/1/15,3.16
Oregon,,2021/1/19,4.57
Oregon,,2021/1/20,4.57
Oregon,,2021/1/21,4.57
Oregon,,2021/1/22,5.18
Oregon,,2021/1/23,5.49
Oregon,,2021/1/24,5.8
Oregon,,2021/1/25,6.1
Oregon,,2021/1/26,6.24
Oregon,,2021/1/27,6.55
Oregon,,2021/1/28,6.77
Oregon,,2021/1/29,7.1
Oregon,,2021/1/30,7.47
Oregon,,2021/1/31,7.86
Oregon,,2021/2/1,8.13
Oregon,,2021/2/2,8.37
Oregon,,2021/2/3,8.57
Oregon,,2021/2/4,8.76
Oregon,,2021/2/5,8.96
Oregon,,2021/2/6,9.24
Oregon,,2021/2/7,9.48
Oregon,,2021/2/8,9.78
Oregon,,2021/2/9,10.08
Oregon,,2021/2/10,10.3
Oregon,,2021/2/11,10.3
Pennsylvania,,2021/1/12,2.08
Pennsylvania,,2021/1/13,2.23
Pennsylvania,,2021/1/14,2.76
Pennsylvania,,2021/1/15,2.97
Pennsylvania,,2021/1/19,3.63
Pennsylvania,,2021/1/20,3.77
Pennsylvania,,2021/1/21,3.97
Pennsylvania,,2021/1/22,4.21
Pennsylvania,,2021/1/23,4.47
Pennsylvania,,2021/1/24,4.78
Pennsylvania,,2021/1/25,5
Pennsylvania,,2021/1/26,5.14
Pennsylvania,,2021/1/27,5.42
Pennsylvania,,2021/1/28,5.43
Pennsylvania,,2021/1/29,6.07
Pennsylvania,,2021/1/30,6.4
Pennsylvania,,2021/1/31,6.73
Pennsylvania,,2021/2/1,7.03
Pennsylvania,,2021/2/2,7.16
Pennsylvania,,2021/2/3,7.17
Pennsylvania,,2021/2/4,7.49
Pennsylvania,,2021/2/5,7.76
Pennsylvania,,2021/2/6,8.1
Pennsylvania,,2021/2/7,8.46
Pennsylvania,,2021/2/8,8.66
Pennsylvania,,2021/2/9,8.86
Pennsylvania,,2021/2/10,9.19
Pennsylvania,,2021/2/11,9.5
Puerto Rico,PRI,2021/1/12,1.92
Puerto Rico,PRI,2021/1/13,2.11
Puerto Rico,PRI,2021/1/14,2.51
Puerto Rico,PRI,2021/1/15,2.74
Puerto Rico,PRI,2021/1/19,3.37
Puerto Rico,PRI,2021/1/20,3.52
Puerto Rico,PRI,2021/1/21,3.76
Puerto Rico,PRI,2021/1/22,4.02
Puerto Rico,PRI,2021/1/23,4.27
Puerto Rico,PRI,2021/1/24,4.51
Puerto Rico,PRI,2021/1/25,4.6
Puerto Rico,PRI,2021/1/26,4.63
Puerto Rico,PRI,2021/1/27,4.89
Puerto Rico,PRI,2021/1/28,5.19
Puerto Rico,PRI,2021/1/29,5.48
Puerto Rico,PRI,2021/1/30,5.75
Puerto Rico,PRI,2021/1/31,6.07
Puerto Rico,PRI,2021/2/1,6.17
Puerto Rico,PRI,2021/2/2,6.17
Puerto Rico,PRI,2021/2/3,6.46
Puerto Rico,PRI,2021/2/4,6.72
Puerto Rico,PRI,2021/2/5,6.93
Puerto Rico,PRI,2021/2/6,7.18
Puerto Rico,PRI,2021/2/7,7.18
Puerto Rico,PRI,2021/2/8,7.18
Puerto Rico,PRI,2021/2/9,7.42
Puerto Rico,PRI,2021/2/10,7.58
Puerto Rico,PRI,2021/2/11,7.8
Republic of Palau,,2021/1/12,2.32
Republic of Palau,,2021/1/13,4.05
Republic of Palau,,2021/1/14,4.27
Republic of Palau,,2021/1/15,6.24
Republic of Palau,,2021/1/19,10.68
Republic of Palau,,2021/1/20,11.06
Republic of Palau,,2021/1/21,13.42
Republic of Palau,,2021/1/22,13.42
Republic of Palau,,2021/1/23,14.98
Republic of Palau,,2021/1/24,17
Republic of Palau,,2021/1/25,17
Republic of Palau,,2021/1/26,17
Republic of Palau,,2021/1/27,17.01
Republic of Palau,,2021/1/28,17.13
Republic of Palau,,2021/1/29,17.24
Republic of Palau,,2021/1/30,17.36
Republic of Palau,,2021/1/31,17.36
Republic of Palau,,2021/2/1,17.36
Republic of Palau,,2021/2/2,17.36
Republic of Palau,,2021/2/3,17.36
Republic of Palau,,2021/2/4,17.36
Republic of Palau,,2021/2/5,17.36
Republic of Palau,,2021/2/6,17.36
Republic of Palau,,2021/2/7,17.36
Republic of Palau,,2021/2/8,17.36
Republic of Palau,,2021/2/9,17.36
Republic of Palau,,2021/2/10,17.36
Republic of Palau,,2021/2/11,17.36
Rhode Island,,2021/1/12,3.34
Rhode Island,,2021/1/13,3.44
Rhode Island,,2021/1/14,3.59
Rhode Island,,2021/1/15,3.72
Rhode Island,,2021/1/19,4.17
Rhode Island,,2021/1/20,4.33
Rhode Island,,2021/1/21,4.52
Rhode Island,,2021/1/22,4.71
Rhode Island,,2021/1/23,4.78
Rhode Island,,2021/1/24,5.12
Rhode Island,,2021/1/25,5.36
Rhode Island,,2021/1/26,5.48
Rhode Island,,2021/1/27,5.65
Rhode Island,,2021/1/28,5.81
Rhode Island,,2021/1/29,5.97
Rhode Island,,2021/1/30,6.2
Rhode Island,,2021/1/31,6.4
Rhode Island,,2021/2/1,6.49
Rhode Island,,2021/2/2,6.94
Rhode Island,,2021/2/3,7.03
Rhode Island,,2021/2/4,7.17
Rhode Island,,2021/2/5,7.36
Rhode Island,,2021/2/6,7.65
Rhode Island,,2021/2/7,7.87
Rhode Island,,2021/2/8,8.03
Rhode Island,,2021/2/9,8.14
Rhode Island,,2021/2/10,8.29
Rhode Island,,2021/2/11,8.47
South Carolina,,2021/1/12,1.5
South Carolina,,2021/1/13,1.7
South Carolina,,2021/1/14,1.87
South Carolina,,2021/1/15,1.98
South Carolina,,2021/1/19,3.02
South Carolina,,2021/1/20,3.12
South Carolina,,2021/1/21,3.38
South Carolina,,2021/1/22,3.67
South Carolina,,2021/1/23,4.01
South Carolina,,2021/1/24,4.53
South Carolina,,2021/1/25,5.01
South Carolina,,2021/1/26,5.19
South Carolina,,2021/1/27,5.35
South Carolina,,2021/1/28,5.88
South Carolina,,2021/1/29,6.26
South Carolina,,2021/1/30,6.6
South Carolina,,2021/1/31,7.02
South Carolina,,2021/2/1,7.36
South Carolina,,2021/2/2,7.5
South Carolina,,2021/2/3,7.6
South Carolina,,2021/2/4,7.84
South Carolina,,2021/2/5,8.13
South Carolina,,2021/2/6,8.45
South Carolina,,2021/2/7,8.75
South Carolina,,2021/2/8,8.94
South Carolina,,2021/2/9,8.94
South Carolina,,2021/2/10,9.23
South Carolina,,2021/2/11,9.47
South Dakota,,2021/1/12,4.67
South Dakota,,2021/1/13,4.84
South Dakota,,2021/1/14,5.06
South Dakota,,2021/1/15,5.36
South Dakota,,2021/1/19,5.8
South Dakota,,2021/1/20,5.94
South Dakota,,2021/1/21,6.16
South Dakota,,2021/1/22,6.42
South Dakota,,2021/1/23,6.89
South Dakota,,2021/1/24,7.13
South Dakota,,2021/1/25,7.23
South Dakota,,2021/1/26,7.24
South Dakota,,2021/1/27,7.35
South Dakota,,2021/1/28,7.59
South Dakota,,2021/1/29,7.97
South Dakota,,2021/1/30,8.39
South Dakota,,2021/1/31,8.65
South Dakota,,2021/2/1,8.71
South Dakota,,2021/2/2,8.72
South Dakota,,2021/2/3,8.93
South Dakota,,2021/2/4,9.24
South Dakota,,2021/2/5,9.71
South Dakota,,2021/2/6,10.05
South Dakota,,2021/2/7,10.35
South Dakota,,2021/2/8,10.47
South Dakota,,2021/2/9,10.48
South Dakota,,2021/2/10,10.71
South Dakota,,2021/2/11,11.06
Tennessee,,2021/1/12,2.1
Tennessee,,2021/1/13,2.21
Tennessee,,2021/1/14,3.5
Tennessee,,2021/1/15,3.88
Tennessee,,2021/1/19,4.43
Tennessee,,2021/1/20,4.48
Tennessee,,2021/1/21,4.59
Tennessee,,2021/1/22,4.75
Tennessee,,2021/1/23,4.92
Tennessee,,2021/1/24,5.19
Tennessee,,2021/1/25,5.3
Tennessee,,2021/1/26,5.35
Tennessee,,2021/1/27,5.48
Tennessee,,2021/1/28,5.65
Tennessee,,2021/1/29,5.87
Tennessee,,2021/1/30,6.1
Tennessee,,2021/1/31,6.42
Tennessee,,2021/2/1,6.56
Tennessee,,2021/2/2,6.6
Tennessee,,2021/2/3,6.78
Tennessee,,2021/2/4,7
Tennessee,,2021/2/5,7.33
Tennessee,,2021/2/6,7.64
Tennessee,,2021/2/7,7.96
Tennessee,,2021/2/8,8.11
Tennessee,,2021/2/9,8.18
Tennessee,,2021/2/10,8.45
Tennessee,,2021/2/11,8.71
Texas,,2021/1/12,2.79
Texas,,2021/1/13,2.97
Texas,,2021/1/14,3.16
Texas,,2021/1/15,3.46
Texas,,2021/1/19,4.22
Texas,,2021/1/20,4.42
Texas,,2021/1/21,4.61
Texas,,2021/1/22,4.87
Texas,,2021/1/23,5.08
Texas,,2021/1/24,5.18
Texas,,2021/1/25,5.28
Texas,,2021/1/26,5.57
Texas,,2021/1/27,5.69
Texas,,2021/1/28,5.97
Texas,,2021/1/29,6.22
Texas,,2021/1/30,6.51
Texas,,2021/1/31,6.65
Texas,,2021/2/1,6.87
Texas,,2021/2/2,6.87
Texas,,2021/2/3,7.2
Texas,,2021/2/4,7.52
Texas,,2021/2/5,7.79
Texas,,2021/2/6,8.18
Texas,,2021/2/7,8.5
Texas,,2021/2/8,8.67
Texas,,2021/2/9,8.93
Texas,,2021/2/10,9.22
Texas,,2021/2/11,9.47
United States,USA,2021/1/12,2.23
United States,USA,2021/1/13,2.41
United States,USA,2021/1/14,2.92
United States,USA,2021/1/15,3.19
United States,USA,2021/1/19,4.1
United States,USA,2021/1/20,4.3
United States,USA,2021/1/21,4.53
United States,USA,2021/1/22,4.89
United States,USA,2021/1/23,5.24
United States,USA,2021/1/24,5.57
United States,USA,2021/1/25,5.8
United States,USA,2021/1/26,5.99
United States,USA,2021/1/27,6.23
United States,USA,2021/1/28,6.54
United States,USA,2021/1/29,6.89
United States,USA,2021/1/30,7.25
United States,USA,2021/1/31,7.59
United States,USA,2021/2/1,7.84
United States,USA,2021/2/2,7.96
United States,USA,2021/2/3,8.18
United States,USA,2021/2/4,8.41
United States,USA,2021/2/5,8.71
United States,USA,2021/2/6,9.11
United States,USA,2021/2/7,9.51
United States,USA,2021/2/8,9.74
United States,USA,2021/2/9,9.9
United States,USA,2021/2/10,10.18
United States,USA,2021/2/11,10.46
Utah,,2021/1/12,2.83
Utah,,2021/1/13,3.06
Utah,,2021/1/14,3.24
Utah,,2021/1/15,3.57
Utah,,2021/1/19,4.49
Utah,,2021/1/20,4.98
Utah,,2021/1/21,5.19
Utah,,2021/1/22,5.47
Utah,,2021/1/23,5.47
Utah,,2021/1/24,5.47
Utah,,2021/1/25,6.09
Utah,,2021/1/26,6.13
Utah,,2021/1/27,6.27
Utah,,2021/1/28,6.27
Utah,,2021/1/29,6.85
Utah,,2021/1/30,7.1
Utah,,2021/1/31,7.1
Utah,,2021/2/1,7.63
Utah,,2021/2/2,7.66
Utah,,2021/2/3,7.66
Utah,,2021/2/4,8.06
Utah,,2021/2/5,8.46
Utah,,2021/2/6,8.87
Utah,,2021/2/7,8.87
Utah,,2021/2/8,9.51
Utah,,2021/2/9,9.58
Utah,,2021/2/10,9.58
Utah,,2021/2/11,9.58
Vermont,,2021/1/14,4.26
Vermont,,2021/1/15,4.54
Vermont,,2021/1/19,5.52
Vermont,,2021/1/20,5.55
Vermont,,2021/1/21,5.81
Vermont,,2021/1/22,6.16
Vermont,,2021/1/23,6.49
Vermont,,2021/1/24,6.72
Vermont,,2021/1/25,6.95
Vermont,,2021/1/26,7.05
Vermont,,2021/1/27,7.13
Vermont,,2021/1/28,7.43
Vermont,,2021/1/29,7.61
Vermont,,2021/1/30,7.77
Vermont,,2021/1/31,8.1
Vermont,,2021/2/1,8.65
Vermont,,2021/2/2,8.81
Vermont,,2021/2/3,8.87
Vermont,,2021/2/4,9.01
Vermont,,2021/2/5,9.2
Vermont,,2021/2/6,9.4
Vermont,,2021/2/7,9.75
Vermont,,2021/2/8,10.1
Vermont,,2021/2/9,10.4
Vermont,,2021/2/10,10.51
Vermont,,2021/2/11,10.74
Virgin Islands,,2021/1/14,1.21
Virgin Islands,,2021/1/15,1.41
Virgin Islands,,2021/1/19,1.88
Virgin Islands,,2021/1/20,2.08
Virgin Islands,,2021/1/21,2.34
Virgin Islands,,2021/1/22,2.58
Virgin Islands,,2021/1/23,2.81
Virgin Islands,,2021/1/24,2.84
Virgin Islands,,2021/1/25,2.85
Virgin Islands,,2021/1/26,3.11
Virgin Islands,,2021/1/27,3.38
Virgin Islands,,2021/1/28,3.73
Virgin Islands,,2021/1/29,4.17
Virgin Islands,,2021/1/30,4.68
Virgin Islands,,2021/1/31,4.7
Virgin Islands,,2021/2/1,4.8
Virgin Islands,,2021/2/2,5.2
Virgin Islands,,2021/2/3,5.64
Virgin Islands,,2021/2/4,5.96
Virgin Islands,,2021/2/5,6.38
Virgin Islands,,2021/2/6,6.65
Virgin Islands,,2021/2/7,6.66
Virgin Islands,,2021/2/8,6.7
Virgin Islands,,2021/2/9,6.99
Virgin Islands,,2021/2/10,7.41
Virgin Islands,,2021/2/11,7.68
Virginia,,2021/1/14,2.26
Virginia,,2021/1/15,2.52
Virginia,,2021/1/19,3.4
Virginia,,2021/1/20,3.56
Virginia,,2021/1/21,3.75
Virginia,,2021/1/22,4.15
Virginia,,2021/1/23,4.41
Virginia,,2021/1/24,4.61
Virginia,,2021/1/25,4.87
Virginia,,2021/1/26,5.82
Virginia,,2021/1/27,6.14
Virginia,,2021/1/28,6.48
Virginia,,2021/1/29,7.02
Virginia,,2021/1/30,7.6
Virginia,,2021/1/31,8.06
Virginia,,2021/2/1,8.41
Virginia,,2021/2/2,8.69
Virginia,,2021/2/3,8.88
Virginia,,2021/2/4,9.07
Virginia,,2021/2/5,9.44
Virginia,,2021/2/6,9.87
Virginia,,2021/2/7,10.26
Virginia,,2021/2/8,10.51
Virginia,,2021/2/9,10.68
Virginia,,2021/2/10,10.84
Virginia,,2021/2/11,11.07
Washington,,2021/1/12,2.13
Washington,,2021/1/13,2.23
Washington,,2021/1/14,2.46
Washington,,2021/1/15,2.64
Washington,,2021/1/19,3.49
Washington,,2021/1/20,3.76
Washington,,2021/1/21,4.03
Washington,,2021/1/22,4.34
Washington,,2021/1/23,4.72
Washington,,2021/1/24,4.86
Washington,,2021/1/25,5.31
Washington,,2021/1/26,5.52
Washington,,2021/1/27,5.8
Washington,,2021/1/28,6.15
Washington,,2021/1/29,6.51
Washington,,2021/1/30,6.89
Washington,,2021/1/31,7.3
Washington,,2021/2/1,7.65
Washington,,2021/2/2,7.87
Washington,,2021/2/3,8.09
Washington,,2021/2/4,8.38
Washington,,2021/2/5,8.65
Washington,,2021/2/6,8.99
Washington,,2021/2/7,9.31
Washington,,2021/2/8,9.61
Washington,,2021/2/9,9.72
Washington,,2021/2/10,10.24
Washington,,2021/2/11,10.47
West Virginia,,2021/1/14,5.53
West Virginia,,2021/1/15,6.31
West Virginia,,2021/1/19,7.19
West Virginia,,2021/1/20,7.42
West Virginia,,2021/1/21,7.59
West Virginia,,2021/1/22,8.11
West Virginia,,2021/1/23,8.75
West Virginia,,2021/1/24,9.14
West Virginia,,2021/1/25,9.18
West Virginia,,2021/1/26,9.35
West Virginia,,2021/1/27,9.47
West Virginia,,2021/1/28,9.7
West Virginia,,2021/1/29,10.15
West Virginia,,2021/1/30,10.67
West Virginia,,2021/1/31,10.75
West Virginia,,2021/2/1,10.77
West Virginia,,2021/2/2,10.84
West Virginia,,2021/2/3,10.89
West Virginia,,2021/2/4,11.04
West Virginia,,2021/2/5,11.37
West Virginia,,2021/2/6,11.96
West Virginia,,2021/2/7,12.14
West Virginia,,2021/2/8,12.18
West Virginia,,2021/2/9,12.26
West Virginia,,2021/2/10,12.4
West Virginia,,2021/2/11,12.63
Wisconsin,,2021/1/12,2.16
Wisconsin,,2021/1/13,2.16
Wisconsin,,2021/1/14,2.33
Wisconsin,,2021/1/15,2.6
Wisconsin,,2021/1/19,3.23
Wisconsin,,2021/1/20,3.32
Wisconsin,,2021/1/21,3.52
Wisconsin,,2021/1/22,3.8
Wisconsin,,2021/1/23,4.15
Wisconsin,,2021/1/24,4.48
Wisconsin,,2021/1/25,4.58
Wisconsin,,2021/1/26,4.6
Wisconsin,,2021/1/27,4.83
Wisconsin,,2021/1/28,5.19
Wisconsin,,2021/1/29,5.83
Wisconsin,,2021/1/30,6.46
Wisconsin,,2021/1/31,7.03
Wisconsin,,2021/2/1,7.38
Wisconsin,,2021/2/2,7.51
Wisconsin,,2021/2/3,7.86
Wisconsin,,2021/2/4,7.87
Wisconsin,,2021/2/5,8.45
Wisconsin,,2021/2/6,8.95
Wisconsin,,2021/2/7,9.99
Wisconsin,,2021/2/8,10.24
Wisconsin,,2021/2/9,10.31
Wisconsin,,2021/2/10,10.64
Wisconsin,,2021/2/11,10.99
Wyoming,,2021/1/12,2.35
Wyoming,,2021/1/13,2.49
Wyoming,,2021/1/14,2.99
Wyoming,,2021/1/15,3.44
Wyoming,,2021/1/19,4.28
Wyoming,,2021/1/20,4.46
Wyoming,,2021/1/21,4.46
Wyoming,,2021/1/22,5.18
Wyoming,,2021/1/23,5.66
Wyoming,,2021/1/24,6.2
Wyoming,,2021/1/25,6.26
Wyoming,,2021/1/26,6.29
Wyoming,,2021/1/27,6.56
Wyoming,,2021/1/28,6.56
Wyoming,,2021/1/29,7.16
Wyoming,,2021/1/30,7.16
Wyoming,,2021/1/31,8.23
Wyoming,,2021/2/1,8.32
Wyoming,,2021/2/2,8.34
Wyoming,,2021/2/3,8.53
Wyoming,,2021/2/4,8.53
Wyoming,,2021/2/5,9.27
Wyoming,,2021/2/6,9.69
Wyoming,,2021/2/7,9.69
Wyoming,,2021/2/8,10.15
Wyoming,,2021/2/9,10.15
Wyoming,,2021/2/10,10.57
Wyoming,,2021/2/11,10.57