Entity,Code,Date,share_doses_used
Alabama,,2021/1/12,0.207
Alabama,,2021/1/13,0.222
Alabama,,2021/1/14,0.212
Alabama,,2021/1/15,0.226
Alabama,,2021/1/19,0.294
Alabama,,2021/1/20,0.288
Alabama,,2021/1/21,0.336
Alabama,,2021/1/22,0.384
Alabama,,2021/1/23,0.425
Alabama,,2021/1/24,0.468
Alabama,,2021/1/25,0.481
Alabama,,2021/1/26,0.448
Alabama,,2021/1/27,0.42
Alabama,,2021/1/28,0.426
Alabama,,2021/1/29,0.456
Alabama,,2021/1/30,0.519
Alabama,,2021/1/31,0.537
Alabama,,2021/2/1,0.543
Alabama,,2021/2/2,0.546
Alabama,,2021/2/3,0.508
Alabama,,2021/2/4,0.511
Alabama,,2021/2/5,0.538
Alabama,,2021/2/6,0.566
Alabama,,2021/2/7,0.575
Alabama,,2021/2/8,0.582
Alabama,,2021/2/9,0.596
Alabama,,2021/2/10,0.599
Alabama,,2021/2/11,0.596
Alaska,,2021/1/12,0.253
Alaska,,2021/1/13,0.259
Alaska,,2021/1/14,0.283
Alaska,,2021/1/15,0.326
Alaska,,2021/1/19,0.441
Alaska,,2021/1/20,0.454
Alaska,,2021/1/21,0.466
Alaska,,2021/1/22,0.522
Alaska,,2021/1/23,0.567
Alaska,,2021/1/24,0.605
Alaska,,2021/1/25,0.623
Alaska,,2021/1/26,0.602
Alaska,,2021/1/27,0.596
Alaska,,2021/1/28,0.594
Alaska,,2021/1/29,0.574
Alaska,,2021/1/30,0.597
Alaska,,2021/1/31,0.619
Alaska,,2021/2/1,0.632
Alaska,,2021/2/2,0.627
Alaska,,2021/2/3,0.547
Alaska,,2021/2/4,0.541
Alaska,,2021/2/5,0.545
Alaska,,2021/2/6,0.56
Alaska,,2021/2/7,0.588
Alaska,,2021/2/8,0.607
Alaska,,2021/2/9,0.595
Alaska,,2021/2/10,0.6
Alaska,,2021/2/11,0.6
American Samoa,ASM,2021/1/12,0.199
American Samoa,ASM,2021/1/13,0.242
American Samoa,ASM,2021/1/14,0.279
American Samoa,ASM,2021/1/15,0.21
American Samoa,ASM,2021/1/19,0.258
American Samoa,ASM,2021/1/20,0.288
American Samoa,ASM,2021/1/21,0.307
American Samoa,ASM,2021/1/22,0.356
American Samoa,ASM,2021/1/23,0.37
American Samoa,ASM,2021/1/24,0.436
American Samoa,ASM,2021/1/25,0.436
American Samoa,ASM,2021/1/26,0.451
American Samoa,ASM,2021/1/27,0.492
American Samoa,ASM,2021/1/28,0.492
American Samoa,ASM,2021/1/29,0.538
American Samoa,ASM,2021/1/30,0.538
American Samoa,ASM,2021/1/31,0.538
American Samoa,ASM,2021/2/1,0.583
American Samoa,ASM,2021/2/2,0.583
American Samoa,ASM,2021/2/3,0.6
American Samoa,ASM,2021/2/4,0.382
American Samoa,ASM,2021/2/5,0.408
American Samoa,ASM,2021/2/6,0.416
American Samoa,ASM,2021/2/7,0.416
American Samoa,ASM,2021/2/8,0.416
American Samoa,ASM,2021/2/9,0.431
American Samoa,ASM,2021/2/10,0.452
American Samoa,ASM,2021/2/11,0.459
Arizona,,2021/1/12,0.251
Arizona,,2021/1/13,0.272
Arizona,,2021/1/14,0.304
Arizona,,2021/1/15,0.345
Arizona,,2021/1/19,0.466
Arizona,,2021/1/20,0.375
Arizona,,2021/1/21,0.381
Arizona,,2021/1/22,0.401
Arizona,,2021/1/23,0.435
Arizona,,2021/1/24,0.471
Arizona,,2021/1/25,0.499
Arizona,,2021/1/26,0.515
Arizona,,2021/1/27,0.463
Arizona,,2021/1/28,0.482
Arizona,,2021/1/29,0.515
Arizona,,2021/1/30,0.55
Arizona,,2021/1/31,0.586
Arizona,,2021/2/1,0.612
Arizona,,2021/2/2,0.584
Arizona,,2021/2/3,0.555
Arizona,,2021/2/4,0.579
Arizona,,2021/2/5,0.607
Arizona,,2021/2/6,0.647
Arizona,,2021/2/7,0.682
Arizona,,2021/2/8,0.709
Arizona,,2021/2/9,0.682
Arizona,,2021/2/10,0.655
Arizona,,2021/2/11,0.677
Arkansas,,2021/1/12,0.149
Arkansas,,2021/1/13,0.319
Arkansas,,2021/1/14,0.364
Arkansas,,2021/1/15,0.397
Arkansas,,2021/1/19,0.478
Arkansas,,2021/1/20,0.518
Arkansas,,2021/1/21,0.479
Arkansas,,2021/1/22,0.557
Arkansas,,2021/1/23,0.547
Arkansas,,2021/1/24,0.581
Arkansas,,2021/1/25,0.6
Arkansas,,2021/1/26,0.599
Arkansas,,2021/1/27,0.622
Arkansas,,2021/1/28,0.558
Arkansas,,2021/1/29,0.595
Arkansas,,2021/1/30,0.636
Arkansas,,2021/1/31,0.67
Arkansas,,2021/2/1,0.686
Arkansas,,2021/2/2,0.672
Arkansas,,2021/2/3,0.646
Arkansas,,2021/2/4,0.654
Arkansas,,2021/2/5,0.656
Arkansas,,2021/2/6,0.694
Arkansas,,2021/2/7,0.729
Arkansas,,2021/2/8,0.744
Arkansas,,2021/2/9,0.696
Arkansas,,2021/2/10,0.718
Arkansas,,2021/2/11,0.726
Bureau of Prisons,,2021/1/12,0.914
Bureau of Prisons,,2021/1/13,0.978
Bureau of Prisons,,2021/1/14,0.98
Bureau of Prisons,,2021/1/15,0.996
Bureau of Prisons,,2021/1/19,1.052
Bureau of Prisons,,2021/1/20,0.771
Bureau of Prisons,,2021/1/21,0.842
Bureau of Prisons,,2021/1/22,0.861
Bureau of Prisons,,2021/1/23,0.943
Bureau of Prisons,,2021/1/24,0.973
Bureau of Prisons,,2021/1/25,0.984
Bureau of Prisons,,2021/1/26,0.849
Bureau of Prisons,,2021/1/27,0.909
Bureau of Prisons,,2021/1/28,0.949
Bureau of Prisons,,2021/1/29,0.99
Bureau of Prisons,,2021/1/30,1.03
Bureau of Prisons,,2021/1/31,1.041
Bureau of Prisons,,2021/2/1,1.041
Bureau of Prisons,,2021/2/2,0.9
Bureau of Prisons,,2021/2/3,0.94
Bureau of Prisons,,2021/2/4,0.988
Bureau of Prisons,,2021/2/5,1.03
Bureau of Prisons,,2021/2/6,1.069
Bureau of Prisons,,2021/2/7,1.089
Bureau of Prisons,,2021/2/8,1.089
Bureau of Prisons,,2021/2/9,0.966
Bureau of Prisons,,2021/2/10,1.006
Bureau of Prisons,,2021/2/11,1.04
California,,2021/1/12,0.248
California,,2021/1/13,0.259
California,,2021/1/14,0.275
California,,2021/1/15,0.302
California,,2021/1/19,0.412
California,,2021/1/20,0.368
California,,2021/1/21,0.373
California,,2021/1/22,0.383
California,,2021/1/23,0.409
California,,2021/1/24,0.448
California,,2021/1/25,0.475
California,,2021/1/26,0.458
California,,2021/1/27,0.473
California,,2021/1/28,0.495
California,,2021/1/29,0.516
California,,2021/1/30,0.546
California,,2021/1/31,0.58
California,,2021/2/1,0.609
California,,2021/2/2,0.625
California,,2021/2/3,0.579
California,,2021/2/4,0.578
California,,2021/2/5,0.579
California,,2021/2/6,0.594
California,,2021/2/7,0.644
California,,2021/2/8,0.672
California,,2021/2/9,0.648
California,,2021/2/10,0.652
California,,2021/2/11,0.656
Colorado,,2021/1/12,0.434
Colorado,,2021/1/13,0.452
Colorado,,2021/1/14,0.479
Colorado,,2021/1/15,0.512
Colorado,,2021/1/19,0.621
Colorado,,2021/1/20,0.539
Colorado,,2021/1/21,0.537
Colorado,,2021/1/22,0.562
Colorado,,2021/1/23,0.545
Colorado,,2021/1/24,0.627
Colorado,,2021/1/25,0.647
Colorado,,2021/1/26,0.63
Colorado,,2021/1/27,0.612
Colorado,,2021/1/28,0.614
Colorado,,2021/1/29,0.642
Colorado,,2021/1/30,0.67
Colorado,,2021/1/31,0.7
Colorado,,2021/2/1,0.725
Colorado,,2021/2/2,0.69
Colorado,,2021/2/3,0.656
Colorado,,2021/2/4,0.65
Colorado,,2021/2/5,0.669
Colorado,,2021/2/6,0.701
Colorado,,2021/2/7,0.736
Colorado,,2021/2/8,0.759
Colorado,,2021/2/9,0.725
Colorado,,2021/2/10,0.709
Colorado,,2021/2/11,0.701
Connecticut,,2021/1/12,0.604
Connecticut,,2021/1/13,0.514
Connecticut,,2021/1/14,0.523
Connecticut,,2021/1/15,0.565
Connecticut,,2021/1/19,0.698
Connecticut,,2021/1/20,0.565
Connecticut,,2021/1/21,0.608
Connecticut,,2021/1/22,0.602
Connecticut,,2021/1/23,0.622
Connecticut,,2021/1/24,0.653
Connecticut,,2021/1/25,0.672
Connecticut,,2021/1/26,0.664
Connecticut,,2021/1/27,0.664
Connecticut,,2021/1/28,0.667
Connecticut,,2021/1/29,0.698
Connecticut,,2021/1/30,0.728
Connecticut,,2021/1/31,0.755
Connecticut,,2021/2/1,0.776
Connecticut,,2021/2/2,0.794
Connecticut,,2021/2/3,0.764
Connecticut,,2021/2/4,0.723
Connecticut,,2021/2/5,0.752
Connecticut,,2021/2/6,0.702
Connecticut,,2021/2/7,0.721
Connecticut,,2021/2/8,0.733
Connecticut,,2021/2/9,0.693
Connecticut,,2021/2/10,0.717
Connecticut,,2021/2/11,0.739
Delaware,,2021/1/12,0.299
Delaware,,2021/1/13,0.311
Delaware,,2021/1/14,0.341
Delaware,,2021/1/15,0.341
Delaware,,2021/1/19,0.466
Delaware,,2021/1/20,0.455
Delaware,,2021/1/21,0.463
Delaware,,2021/1/22,0.466
Delaware,,2021/1/23,0.516
Delaware,,2021/1/24,0.552
Delaware,,2021/1/25,0.575
Delaware,,2021/1/26,0.53
Delaware,,2021/1/27,0.55
Delaware,,2021/1/28,0.58
Delaware,,2021/1/29,0.607
Delaware,,2021/1/30,0.643
Delaware,,2021/1/31,0.695
Delaware,,2021/2/1,0.714
Delaware,,2021/2/2,0.722
Delaware,,2021/2/3,0.695
Delaware,,2021/2/4,0.686
Delaware,,2021/2/5,0.707
Delaware,,2021/2/6,0.733
Delaware,,2021/2/7,0.764
Delaware,,2021/2/8,0.784
Delaware,,2021/2/9,0.785
Delaware,,2021/2/10,0.71
Delaware,,2021/2/11,0.732
Dept of Defense,,2021/1/12,0.371
Dept of Defense,,2021/1/13,0.337
Dept of Defense,,2021/1/14,0.387
Dept of Defense,,2021/1/15,0.397
Dept of Defense,,2021/1/19,0.502
Dept of Defense,,2021/1/20,0.514
Dept of Defense,,2021/1/21,0.477
Dept of Defense,,2021/1/22,0.476
Dept of Defense,,2021/1/23,0.46
Dept of Defense,,2021/1/24,0.497
Dept of Defense,,2021/1/25,0.511
Dept of Defense,,2021/1/26,0.502
Dept of Defense,,2021/1/27,0.476
Dept of Defense,,2021/1/28,0.491
Dept of Defense,,2021/1/29,0.514
Dept of Defense,,2021/1/30,0.551
Dept of Defense,,2021/1/31,0.59
Dept of Defense,,2021/2/1,0.594
Dept of Defense,,2021/2/2,0.608
Dept of Defense,,2021/2/3,0.583
Dept of Defense,,2021/2/4,0.576
Dept of Defense,,2021/2/5,0.595
Dept of Defense,,2021/2/6,0.602
Dept of Defense,,2021/2/7,0.635
Dept of Defense,,2021/2/8,0.647
Dept of Defense,,2021/2/9,0.638
Dept of Defense,,2021/2/10,0.649
Dept of Defense,,2021/2/11,0.655
District of Columbia,,2021/1/12,0.475
District of Columbia,,2021/1/13,0.484
District of Columbia,,2021/1/14,0.537
District of Columbia,,2021/1/15,0.584
District of Columbia,,2021/1/19,0.732
District of Columbia,,2021/1/20,0.688
District of Columbia,,2021/1/21,0.733
District of Columbia,,2021/1/22,0.63
District of Columbia,,2021/1/23,0.657
District of Columbia,,2021/1/24,0.685
District of Columbia,,2021/1/25,0.705
District of Columbia,,2021/1/26,0.663
District of Columbia,,2021/1/27,0.633
District of Columbia,,2021/1/28,0.49
District of Columbia,,2021/1/29,0.494
District of Columbia,,2021/1/30,0.516
District of Columbia,,2021/1/31,0.542
District of Columbia,,2021/2/1,0.556
District of Columbia,,2021/2/2,0.568
District of Columbia,,2021/2/3,0.532
District of Columbia,,2021/2/4,0.571
District of Columbia,,2021/2/5,0.592
District of Columbia,,2021/2/6,0.611
District of Columbia,,2021/2/7,0.634
District of Columbia,,2021/2/8,0.65
District of Columbia,,2021/2/9,0.65
District of Columbia,,2021/2/10,0.604
District of Columbia,,2021/2/11,0.577
Federated States of Micronesia,,2021/1/12,0.043
Federated States of Micronesia,,2021/1/13,0.058
Federated States of Micronesia,,2021/1/14,0.062
Federated States of Micronesia,,2021/1/15,0.071
Federated States of Micronesia,,2021/1/19,0.147
Federated States of Micronesia,,2021/1/20,0.179
Federated States of Micronesia,,2021/1/21,0.213
Federated States of Micronesia,,2021/1/22,0.257
Federated States of Micronesia,,2021/1/23,0.202
Federated States of Micronesia,,2021/1/24,0.202
Federated States of Micronesia,,2021/1/25,0.142
Federated States of Micronesia,,2021/1/26,0.153
Federated States of Micronesia,,2021/1/27,0.167
Federated States of Micronesia,,2021/1/28,0.181
Federated States of Micronesia,,2021/1/29,0.204
Federated States of Micronesia,,2021/1/30,0.204
Federated States of Micronesia,,2021/1/31,0.204
Federated States of Micronesia,,2021/2/1,0.263
Federated States of Micronesia,,2021/2/2,0.295
Federated States of Micronesia,,2021/2/3,0.322
Federated States of Micronesia,,2021/2/4,0.306
Federated States of Micronesia,,2021/2/5,0.32
Federated States of Micronesia,,2021/2/6,0.335
Federated States of Micronesia,,2021/2/7,0.339
Federated States of Micronesia,,2021/2/8,0.34
Federated States of Micronesia,,2021/2/9,0.258
Federated States of Micronesia,,2021/2/10,0.267
Federated States of Micronesia,,2021/2/11,0.279
Florida,,2021/1/12,0.378
Florida,,2021/1/13,0.42
Florida,,2021/1/14,0.393
Florida,,2021/1/15,0.412
Florida,,2021/1/19,0.568
Florida,,2021/1/20,0.487
Florida,,2021/1/21,0.487
Florida,,2021/1/22,0.502
Florida,,2021/1/23,0.512
Florida,,2021/1/24,0.531
Florida,,2021/1/25,0.531
Florida,,2021/1/26,0.509
Florida,,2021/1/27,0.527
Florida,,2021/1/28,0.551
Florida,,2021/1/29,0.558
Florida,,2021/1/30,0.557
Florida,,2021/1/31,0.577
Florida,,2021/2/1,0.59
Florida,,2021/2/2,0.56
Florida,,2021/2/3,0.583
Florida,,2021/2/4,0.608
Florida,,2021/2/5,0.596
Florida,,2021/2/6,0.629
Florida,,2021/2/7,0.688
Florida,,2021/2/8,0.688
Florida,,2021/2/9,0.648
Florida,,2021/2/10,0.666
Florida,,2021/2/11,0.685
Georgia,GEO,2021/1/12,0.177
Georgia,GEO,2021/1/13,0.198
Georgia,GEO,2021/1/14,0.229
Georgia,GEO,2021/1/15,0.229
Georgia,GEO,2021/1/19,0.309
Georgia,GEO,2021/1/20,0.369
Georgia,GEO,2021/1/21,0.39
Georgia,GEO,2021/1/22,0.489
Georgia,GEO,2021/1/23,0.489
Georgia,GEO,2021/1/24,0.489
Georgia,GEO,2021/1/25,0.489
Georgia,GEO,2021/1/26,0.51
Georgia,GEO,2021/1/27,0.505
Georgia,GEO,2021/1/28,0.53
Georgia,GEO,2021/1/29,0.559
Georgia,GEO,2021/1/30,0.591
Georgia,GEO,2021/1/31,0.625
Georgia,GEO,2021/2/1,0.642
Georgia,GEO,2021/2/2,0.604
Georgia,GEO,2021/2/3,0.595
Georgia,GEO,2021/2/4,0.598
Georgia,GEO,2021/2/5,0.623
Georgia,GEO,2021/2/6,0.651
Georgia,GEO,2021/2/7,0.679
Georgia,GEO,2021/2/8,0.692
Georgia,GEO,2021/2/9,0.641
Georgia,GEO,2021/2/10,0.639
Georgia,GEO,2021/2/11,0.631
Guam,GUM,2021/1/12,0.143
Guam,GUM,2021/1/13,0.111
Guam,GUM,2021/1/14,0.111
Guam,GUM,2021/1/15,0.111
Guam,GUM,2021/1/19,0.111
Guam,GUM,2021/1/20,0.111
Guam,GUM,2021/1/21,0.111
Guam,GUM,2021/1/22,0.111
Guam,GUM,2021/1/23,0.111
Guam,GUM,2021/1/24,0.111
Guam,GUM,2021/1/25,0.111
Guam,GUM,2021/1/26,0.505
Guam,GUM,2021/1/27,0.532
Guam,GUM,2021/1/28,0.569
Guam,GUM,2021/1/29,0.62
Guam,GUM,2021/1/30,0.655
Guam,GUM,2021/1/31,0.655
Guam,GUM,2021/2/1,0.684
Guam,GUM,2021/2/2,0.57
Guam,GUM,2021/2/3,0.599
Guam,GUM,2021/2/4,0.508
Guam,GUM,2021/2/5,0.534
Guam,GUM,2021/2/6,0.565
Guam,GUM,2021/2/7,0.576
Guam,GUM,2021/2/8,0.579
Guam,GUM,2021/2/9,0.603
Guam,GUM,2021/2/10,0.632
Guam,GUM,2021/2/11,0.663
Hawaii,,2021/1/12,0.236
Hawaii,,2021/1/13,0.237
Hawaii,,2021/1/14,0.311
Hawaii,,2021/1/15,0.305
Hawaii,,2021/1/19,0.415
Hawaii,,2021/1/20,0.467
Hawaii,,2021/1/21,0.419
Hawaii,,2021/1/22,0.443
Hawaii,,2021/1/23,0.443
Hawaii,,2021/1/24,0.443
Hawaii,,2021/1/25,0.481
Hawaii,,2021/1/26,0.446
Hawaii,,2021/1/27,0.449
Hawaii,,2021/1/28,0.459
Hawaii,,2021/1/29,0.49
Hawaii,,2021/1/30,0.53
Hawaii,,2021/1/31,0.568
Hawaii,,2021/2/1,0.597
Hawaii,,2021/2/2,0.559
Hawaii,,2021/2/3,0.568
Hawaii,,2021/2/4,0.575
Hawaii,,2021/2/5,0.646
Hawaii,,2021/2/6,0.681
Hawaii,,2021/2/7,0.711
Hawaii,,2021/2/8,0.738
Hawaii,,2021/2/9,0.679
Hawaii,,2021/2/10,0.655
Hawaii,,2021/2/11,0.651
Idaho,,2021/1/12,0.244
Idaho,,2021/1/13,0.246
Idaho,,2021/1/14,0.266
Idaho,,2021/1/15,0.291
Idaho,,2021/1/19,0.4
Idaho,,2021/1/20,0.415
Idaho,,2021/1/21,0.412
Idaho,,2021/1/22,0.431
Idaho,,2021/1/23,0.456
Idaho,,2021/1/24,0.481
Idaho,,2021/1/25,0.504
Idaho,,2021/1/26,0.51
Idaho,,2021/1/27,0.477
Idaho,,2021/1/28,0.488
Idaho,,2021/1/29,0.491
Idaho,,2021/1/30,0.518
Idaho,,2021/1/31,0.546
Idaho,,2021/2/1,0.561
Idaho,,2021/2/2,0.584
Idaho,,2021/2/3,0.538
Idaho,,2021/2/4,0.541
Idaho,,2021/2/5,0.608
Idaho,,2021/2/6,0.661
Idaho,,2021/2/7,0.697
Idaho,,2021/2/8,0.734
Idaho,,2021/2/9,0.705
Idaho,,2021/2/10,0.662
Idaho,,2021/2/11,0.669
Illinois,,2021/1/12,0.384
Illinois,,2021/1/13,0.398
Illinois,,2021/1/14,0.421
Illinois,,2021/1/15,0.433
Illinois,,2021/1/19,0.519
Illinois,,2021/1/20,0.494
Illinois,,2021/1/21,0.486
Illinois,,2021/1/22,0.502
Illinois,,2021/1/23,0.462
Illinois,,2021/1/24,0.493
Illinois,,2021/1/25,0.51
Illinois,,2021/1/26,0.476
Illinois,,2021/1/27,0.482
Illinois,,2021/1/28,0.505
Illinois,,2021/1/29,0.533
Illinois,,2021/1/30,0.559
Illinois,,2021/1/31,0.596
Illinois,,2021/2/1,0.622
Illinois,,2021/2/2,0.577
Illinois,,2021/2/3,0.558
Illinois,,2021/2/4,0.574
Illinois,,2021/2/5,0.597
Illinois,,2021/2/6,0.637
Illinois,,2021/2/7,0.671
Illinois,,2021/2/8,0.698
Illinois,,2021/2/9,0.67
Illinois,,2021/2/10,0.662
Illinois,,2021/2/11,0.654
Indian Health Svc,,2021/1/12,0.305
Indian Health Svc,,2021/1/13,0.256
Indian Health Svc,,2021/1/14,0.28
Indian Health Svc,,2021/1/15,0.308
Indian Health Svc,,2021/1/19,0.356
Indian Health Svc,,2021/1/20,0.346
Indian Health Svc,,2021/1/21,0.362
Indian Health Svc,,2021/1/22,0.348
Indian Health Svc,,2021/1/23,0.402
Indian Health Svc,,2021/1/24,0.43
Indian Health Svc,,2021/1/25,0.435
Indian Health Svc,,2021/1/26,0.442
Indian Health Svc,,2021/1/27,0.429
Indian Health Svc,,2021/1/28,0.443
Indian Health Svc,,2021/1/29,0.451
Indian Health Svc,,2021/1/30,0.46
Indian Health Svc,,2021/1/31,0.495
Indian Health Svc,,2021/2/1,0.497
Indian Health Svc,,2021/2/2,0.486
Indian Health Svc,,2021/2/3,0.486
Indian Health Svc,,2021/2/4,0.5
Indian Health Svc,,2021/2/5,0.496
Indian Health Svc,,2021/2/6,0.56
Indian Health Svc,,2021/2/7,0.572
Indian Health Svc,,2021/2/8,0.591
Indian Health Svc,,2021/2/9,0.603
Indian Health Svc,,2021/2/10,0.463
Indian Health Svc,,2021/2/11,0.479
Indiana,,2021/1/12,0.355
Indiana,,2021/1/13,0.365
Indiana,,2021/1/14,0.371
Indiana,,2021/1/15,0.405
Indiana,,2021/1/19,0.521
Indiana,,2021/1/20,0.481
Indiana,,2021/1/21,0.474
Indiana,,2021/1/22,0.493
Indiana,,2021/1/23,0.53
Indiana,,2021/1/24,0.53
Indiana,,2021/1/25,0.584
Indiana,,2021/1/26,0.554
Indiana,,2021/1/27,0.569
Indiana,,2021/1/28,0.597
Indiana,,2021/1/29,0.625
Indiana,,2021/1/30,0.652
Indiana,,2021/1/31,0.652
Indiana,,2021/2/1,0.652
Indiana,,2021/2/2,0.561
Indiana,,2021/2/3,0.576
Indiana,,2021/2/4,0.601
Indiana,,2021/2/5,0.636
Indiana,,2021/2/6,0.67
Indiana,,2021/2/7,0.67
Indiana,,2021/2/8,0.67
Indiana,,2021/2/9,0.631
Indiana,,2021/2/10,0.616
Indiana,,2021/2/11,0.616
Iowa,,2021/1/12,0.472
Iowa,,2021/1/13,0.424
Iowa,,2021/1/14,0.418
Iowa,,2021/1/15,0.45
Iowa,,2021/1/19,0.539
Iowa,,2021/1/20,0.515
Iowa,,2021/1/21,0.483
Iowa,,2021/1/22,0.503
Iowa,,2021/1/23,0.498
Iowa,,2021/1/24,0.529
Iowa,,2021/1/25,0.543
Iowa,,2021/1/26,0.548
Iowa,,2021/1/27,0.563
Iowa,,2021/1/28,0.543
Iowa,,2021/1/29,0.563
Iowa,,2021/1/30,0.569
Iowa,,2021/1/31,0.603
Iowa,,2021/2/1,0.616
Iowa,,2021/2/2,0.625
Iowa,,2021/2/3,0.597
Iowa,,2021/2/4,0.593
Iowa,,2021/2/5,0.578
Iowa,,2021/2/6,0.604
Iowa,,2021/2/7,0.643
Iowa,,2021/2/8,0.676
Iowa,,2021/2/9,0.689
Iowa,,2021/2/10,0.682
Iowa,,2021/2/11,0.669
Kansas,,2021/1/12,0.405
Kansas,,2021/1/13,0.328
Kansas,,2021/1/14,0.348
Kansas,,2021/1/15,0.372
Kansas,,2021/1/19,0.45
Kansas,,2021/1/20,0.462
Kansas,,2021/1/21,0.418
Kansas,,2021/1/22,0.407
Kansas,,2021/1/23,0.416
Kansas,,2021/1/24,0.434
Kansas,,2021/1/25,0.444
Kansas,,2021/1/26,0.456
Kansas,,2021/1/27,0.429
Kansas,,2021/1/28,0.469
Kansas,,2021/1/29,0.462
Kansas,,2021/1/30,0.5
Kansas,,2021/1/31,0.536
Kansas,,2021/2/1,0.549
Kansas,,2021/2/2,0.559
Kansas,,2021/2/3,0.512
Kansas,,2021/2/4,0.533
Kansas,,2021/2/5,0.536
Kansas,,2021/2/6,0.569
Kansas,,2021/2/7,0.602
Kansas,,2021/2/8,0.616
Kansas,,2021/2/9,0.621
Kansas,,2021/2/10,0.577
Kansas,,2021/2/11,0.59
Kentucky,,2021/1/12,0.401
Kentucky,,2021/1/13,0.432
Kentucky,,2021/1/14,0.468
Kentucky,,2021/1/15,0.518
Kentucky,,2021/1/19,0.64
Kentucky,,2021/1/20,0.504
Kentucky,,2021/1/21,0.522
Kentucky,,2021/1/22,0.545
Kentucky,,2021/1/23,0.575
Kentucky,,2021/1/24,0.636
Kentucky,,2021/1/25,0.653
Kentucky,,2021/1/26,0.56
Kentucky,,2021/1/27,0.552
Kentucky,,2021/1/28,0.56
Kentucky,,2021/1/29,0.564
Kentucky,,2021/1/30,0.594
Kentucky,,2021/1/31,0.622
Kentucky,,2021/2/1,0.639
Kentucky,,2021/2/2,0.613
Kentucky,,2021/2/3,0.605
Kentucky,,2021/2/4,0.611
Kentucky,,2021/2/5,0.648
Kentucky,,2021/2/6,0.692
Kentucky,,2021/2/7,0.734
Kentucky,,2021/2/8,0.756
Kentucky,,2021/2/9,0.686
Kentucky,,2021/2/10,0.696
Kentucky,,2021/2/11,0.689
Long Term Care,,2021/1/12,0.217
Long Term Care,,2021/1/13,0.238
Long Term Care,,2021/1/14,0.26
Louisiana,,2021/1/12,0.388
Louisiana,,2021/1/13,0.423
Louisiana,,2021/1/14,0.475
Louisiana,,2021/1/15,0.535
Louisiana,,2021/1/19,0.69
Louisiana,,2021/1/20,0.544
Louisiana,,2021/1/21,0.567
Louisiana,,2021/1/22,0.588
Louisiana,,2021/1/23,0.579
Louisiana,,2021/1/24,0.614
Louisiana,,2021/1/25,0.628
Louisiana,,2021/1/26,0.574
Louisiana,,2021/1/27,0.578
Louisiana,,2021/1/28,0.606
Louisiana,,2021/1/29,0.642
Louisiana,,2021/1/30,0.649
Louisiana,,2021/1/31,0.684
Louisiana,,2021/2/1,0.714
Louisiana,,2021/2/2,0.646
Louisiana,,2021/2/3,0.655
Louisiana,,2021/2/4,0.683
Louisiana,,2021/2/5,0.719
Louisiana,,2021/2/6,0.741
Louisiana,,2021/2/7,0.779
Louisiana,,2021/2/8,0.798
Louisiana,,2021/2/9,0.704
Louisiana,,2021/2/10,0.724
Louisiana,,2021/2/11,0.714
Maine,,2021/1/12,0.413
Maine,,2021/1/13,0.418
Maine,,2021/1/14,0.447
Maine,,2021/1/15,0.447
Maine,,2021/1/19,0.54
Maine,,2021/1/20,0.489
Maine,,2021/1/21,0.487
Maine,,2021/1/22,0.49
Maine,,2021/1/23,0.521
Maine,,2021/1/24,0.559
Maine,,2021/1/25,0.583
Maine,,2021/1/26,0.536
Maine,,2021/1/27,0.534
Maine,,2021/1/28,0.553
Maine,,2021/1/29,0.584
Maine,,2021/1/30,0.623
Maine,,2021/1/31,0.662
Maine,,2021/2/1,0.687
Maine,,2021/2/2,0.657
Maine,,2021/2/3,0.644
Maine,,2021/2/4,0.603
Maine,,2021/2/5,0.626
Maine,,2021/2/6,0.662
Maine,,2021/2/7,0.701
Maine,,2021/2/8,0.701
Maine,,2021/2/9,0.678
Maine,,2021/2/10,0.676
Maine,,2021/2/11,0.645
Marshall Islands,MHL,2021/1/12,0.047
Marshall Islands,MHL,2021/1/13,0.048
Marshall Islands,MHL,2021/1/14,0.048
Marshall Islands,MHL,2021/1/15,0.048
Marshall Islands,MHL,2021/1/19,0.094
Marshall Islands,MHL,2021/1/20,0.111
Marshall Islands,MHL,2021/1/21,0.146
Marshall Islands,MHL,2021/1/22,0.179
Marshall Islands,MHL,2021/1/23,0.211
Marshall Islands,MHL,2021/1/24,0.228
Marshall Islands,MHL,2021/1/25,0.228
Marshall Islands,MHL,2021/1/26,0.241
Marshall Islands,MHL,2021/1/27,0.26
Marshall Islands,MHL,2021/1/28,0.276
Marshall Islands,MHL,2021/1/29,0.289
Marshall Islands,MHL,2021/1/30,0.294
Marshall Islands,MHL,2021/1/31,0.303
Marshall Islands,MHL,2021/2/1,0.303
Marshall Islands,MHL,2021/2/2,0.313
Marshall Islands,MHL,2021/2/3,0.203
Marshall Islands,MHL,2021/2/4,0.211
Marshall Islands,MHL,2021/2/5,0.217
Marshall Islands,MHL,2021/2/6,0.226
Marshall Islands,MHL,2021/2/7,0.234
Marshall Islands,MHL,2021/2/8,0.234
Marshall Islands,MHL,2021/2/9,0.245
Marshall Islands,MHL,2021/2/10,0.25
Marshall Islands,MHL,2021/2/11,0.259
Maryland,,2021/1/12,0.265
Maryland,,2021/1/13,0.317
Maryland,,2021/1/14,0.315
Maryland,,2021/1/15,0.345
Maryland,,2021/1/19,0.438
Maryland,,2021/1/20,0.411
Maryland,,2021/1/21,0.397
Maryland,,2021/1/22,0.398
Maryland,,2021/1/23,0.414
Maryland,,2021/1/24,0.456
Maryland,,2021/1/25,0.473
Maryland,,2021/1/26,0.465
Maryland,,2021/1/27,0.474
Maryland,,2021/1/28,0.484
Maryland,,2021/1/29,0.502
Maryland,,2021/1/30,0.538
Maryland,,2021/1/31,0.571
Maryland,,2021/2/1,0.597
Maryland,,2021/2/2,0.597
Maryland,,2021/2/3,0.57
Maryland,,2021/2/4,0.582
Maryland,,2021/2/5,0.588
Maryland,,2021/2/6,0.609
Maryland,,2021/2/7,0.646
Maryland,,2021/2/8,0.664
Maryland,,2021/2/9,0.631
Maryland,,2021/2/10,0.655
Maryland,,2021/2/11,0.627
Massachusetts,,2021/1/12,0.429
Massachusetts,,2021/1/13,0.331
Massachusetts,,2021/1/14,0.349
Massachusetts,,2021/1/15,0.384
Massachusetts,,2021/1/19,0.476
Massachusetts,,2021/1/20,0.448
Massachusetts,,2021/1/21,0.455
Massachusetts,,2021/1/22,0.434
Massachusetts,,2021/1/23,0.457
Massachusetts,,2021/1/24,0.489
Massachusetts,,2021/1/25,0.505
Massachusetts,,2021/1/26,0.505
Massachusetts,,2021/1/27,0.485
Massachusetts,,2021/1/28,0.481
Massachusetts,,2021/1/29,0.492
Massachusetts,,2021/1/30,0.516
Massachusetts,,2021/1/31,0.546
Massachusetts,,2021/2/1,0.574
Massachusetts,,2021/2/2,0.602
Massachusetts,,2021/2/3,0.541
Massachusetts,,2021/2/4,0.531
Massachusetts,,2021/2/5,0.549
Massachusetts,,2021/2/6,0.583
Massachusetts,,2021/2/7,0.625
Massachusetts,,2021/2/8,0.646
Massachusetts,,2021/2/9,0.653
Massachusetts,,2021/2/10,0.634
Massachusetts,,2021/2/11,0.64
Michigan,,2021/1/12,0.296
Michigan,,2021/1/13,0.378
Michigan,,2021/1/14,0.423
Michigan,,2021/1/15,0.471
Michigan,,2021/1/19,0.625
Michigan,,2021/1/20,0.493
Michigan,,2021/1/21,0.518
Michigan,,2021/1/22,0.544
Michigan,,2021/1/23,0.596
Michigan,,2021/1/24,0.635
Michigan,,2021/1/25,0.664
Michigan,,2021/1/26,0.576
Michigan,,2021/1/27,0.571
Michigan,,2021/1/28,0.599
Michigan,,2021/1/29,0.637
Michigan,,2021/1/30,0.677
Michigan,,2021/1/31,0.717
Michigan,,2021/2/1,0.738
Michigan,,2021/2/2,0.631
Michigan,,2021/2/3,0.64
Michigan,,2021/2/4,0.66
Michigan,,2021/2/5,0.692
Michigan,,2021/2/6,0.728
Michigan,,2021/2/7,0.764
Michigan,,2021/2/8,0.782
Michigan,,2021/2/9,0.709
Michigan,,2021/2/10,0.729
Michigan,,2021/2/11,0.745
Minnesota,,2021/1/12,0.358
Minnesota,,2021/1/13,0.323
Minnesota,,2021/1/14,0.348
Minnesota,,2021/1/15,0.382
Minnesota,,2021/1/19,0.484
Minnesota,,2021/1/20,0.424
Minnesota,,2021/1/21,0.398
Minnesota,,2021/1/22,0.411
Minnesota,,2021/1/23,0.449
Minnesota,,2021/1/24,0.472
Minnesota,,2021/1/25,0.51
Minnesota,,2021/1/26,0.523
Minnesota,,2021/1/27,0.476
Minnesota,,2021/1/28,0.503
Minnesota,,2021/1/29,0.528
Minnesota,,2021/1/30,0.58
Minnesota,,2021/1/31,0.619
Minnesota,,2021/2/1,0.652
Minnesota,,2021/2/2,0.67
Minnesota,,2021/2/3,0.601
Minnesota,,2021/2/4,0.681
Minnesota,,2021/2/5,0.679
Minnesota,,2021/2/6,0.74
Minnesota,,2021/2/7,0.767
Minnesota,,2021/2/8,0.784
Minnesota,,2021/2/9,0.764
Minnesota,,2021/2/10,0.704
Minnesota,,2021/2/11,0.673
Mississippi,,2021/1/12,0.257
Mississippi,,2021/1/13,0.28
Mississippi,,2021/1/14,0.327
Mississippi,,2021/1/15,0.361
Mississippi,,2021/1/19,0.486
Mississippi,,2021/1/20,0.398
Mississippi,,2021/1/21,0.408
Mississippi,,2021/1/22,0.435
Mississippi,,2021/1/23,0.42
Mississippi,,2021/1/24,0.496
Mississippi,,2021/1/25,0.505
Mississippi,,2021/1/26,0.489
Mississippi,,2021/1/27,0.48
Mississippi,,2021/1/28,0.481
Mississippi,,2021/1/29,0.501
Mississippi,,2021/1/30,0.523
Mississippi,,2021/1/31,0.556
Mississippi,,2021/2/1,0.562
Mississippi,,2021/2/2,0.548
Mississippi,,2021/2/3,0.517
Mississippi,,2021/2/4,0.507
Mississippi,,2021/2/5,0.556
Mississippi,,2021/2/6,0.583
Mississippi,,2021/2/7,0.623
Mississippi,,2021/2/8,0.635
Mississippi,,2021/2/9,0.613
Mississippi,,2021/2/10,0.606
Mississippi,,2021/2/11,0.607
Missouri,,2021/1/12,0.333
Missouri,,2021/1/13,0.307
Missouri,,2021/1/14,0.332
Missouri,,2021/1/15,0.36
Missouri,,2021/1/19,0.447
Missouri,,2021/1/20,0.427
Missouri,,2021/1/21,0.427
Missouri,,2021/1/22,0.434
Missouri,,2021/1/23,0.441
Missouri,,2021/1/24,0.48
Missouri,,2021/1/25,0.508
Missouri,,2021/1/26,0.511
Missouri,,2021/1/27,0.477
Missouri,,2021/1/28,0.465
Missouri,,2021/1/29,0.489
Missouri,,2021/1/30,0.489
Missouri,,2021/1/31,0.532
Missouri,,2021/2/1,0.553
Missouri,,2021/2/2,0.566
Missouri,,2021/2/3,0.533
Missouri,,2021/2/4,0.534
Missouri,,2021/2/5,0.56
Missouri,,2021/2/6,0.607
Missouri,,2021/2/7,0.65
Missouri,,2021/2/8,0.669
Missouri,,2021/2/9,0.672
Missouri,,2021/2/10,0.656
Missouri,,2021/2/11,0.656
Montana,,2021/1/12,0.537
Montana,,2021/1/13,0.492
Montana,,2021/1/14,0.473
Montana,,2021/1/15,0.501
Montana,,2021/1/19,0.567
Montana,,2021/1/20,0.513
Montana,,2021/1/21,0.539
Montana,,2021/1/22,0.555
Montana,,2021/1/23,0.607
Montana,,2021/1/24,0.641
Montana,,2021/1/25,0.647
Montana,,2021/1/26,0.651
Montana,,2021/1/27,0.61
Montana,,2021/1/28,0.621
Montana,,2021/1/29,0.654
Montana,,2021/1/30,0.701
Montana,,2021/1/31,0.738
Montana,,2021/2/1,0.749
Montana,,2021/2/2,0.758
Montana,,2021/2/3,0.702
Montana,,2021/2/4,0.71
Montana,,2021/2/5,0.749
Montana,,2021/2/6,0.8
Montana,,2021/2/7,0.842
Montana,,2021/2/8,0.851
Montana,,2021/2/9,0.851
Montana,,2021/2/10,0.751
Montana,,2021/2/11,0.777
Nebraska,,2021/1/12,0.42
Nebraska,,2021/1/13,0.399
Nebraska,,2021/1/14,0.425
Nebraska,,2021/1/15,0.431
Nebraska,,2021/1/19,0.49
Nebraska,,2021/1/20,0.448
Nebraska,,2021/1/21,0.47
Nebraska,,2021/1/22,0.497
Nebraska,,2021/1/23,0.521
Nebraska,,2021/1/24,0.558
Nebraska,,2021/1/25,0.563
Nebraska,,2021/1/26,0.568
Nebraska,,2021/1/27,0.491
Nebraska,,2021/1/28,0.522
Nebraska,,2021/1/29,0.549
Nebraska,,2021/1/30,0.58
Nebraska,,2021/1/31,0.616
Nebraska,,2021/2/1,0.627
Nebraska,,2021/2/2,0.613
Nebraska,,2021/2/3,0.566
Nebraska,,2021/2/4,0.567
Nebraska,,2021/2/5,0.59
Nebraska,,2021/2/6,0.631
Nebraska,,2021/2/7,0.667
Nebraska,,2021/2/8,0.676
Nebraska,,2021/2/9,0.608
Nebraska,,2021/2/10,0.605
Nebraska,,2021/2/11,0.611
Nevada,,2021/1/12,0.298
Nevada,,2021/1/13,0.298
Nevada,,2021/1/14,0.366
Nevada,,2021/1/15,0.395
Nevada,,2021/1/19,0.486
Nevada,,2021/1/20,0.387
Nevada,,2021/1/21,0.417
Nevada,,2021/1/22,0.45
Nevada,,2021/1/23,0.478
Nevada,,2021/1/24,0.53
Nevada,,2021/1/25,0.557
Nevada,,2021/1/26,0.486
Nevada,,2021/1/27,0.515
Nevada,,2021/1/28,0.574
Nevada,,2021/1/29,0.618
Nevada,,2021/1/30,0.608
Nevada,,2021/1/31,0.654
Nevada,,2021/2/1,0.674
Nevada,,2021/2/2,0.607
Nevada,,2021/2/3,0.669
Nevada,,2021/2/4,0.686
Nevada,,2021/2/5,0.716
Nevada,,2021/2/6,0.753
Nevada,,2021/2/7,0.781
Nevada,,2021/2/8,0.81
Nevada,,2021/2/9,0.689
Nevada,,2021/2/10,0.703
Nevada,,2021/2/11,0.71
New Hampshire,,2021/1/12,0.414
New Hampshire,,2021/1/13,0.444
New Hampshire,,2021/1/14,0.461
New Hampshire,,2021/1/15,0.491
New Hampshire,,2021/1/19,0.562
New Hampshire,,2021/1/20,0.519
New Hampshire,,2021/1/21,0.52
New Hampshire,,2021/1/22,0.525
New Hampshire,,2021/1/23,0.551
New Hampshire,,2021/1/24,0.573
New Hampshire,,2021/1/25,0.581
New Hampshire,,2021/1/26,0.537
New Hampshire,,2021/1/27,0.54
New Hampshire,,2021/1/28,0.551
New Hampshire,,2021/1/29,0.577
New Hampshire,,2021/1/30,0.57
New Hampshire,,2021/1/31,0.591
New Hampshire,,2021/2/1,0.601
New Hampshire,,2021/2/2,0.599
New Hampshire,,2021/2/3,0.588
New Hampshire,,2021/2/4,0.595
New Hampshire,,2021/2/5,0.625
New Hampshire,,2021/2/6,0.625
New Hampshire,,2021/2/7,0.644
New Hampshire,,2021/2/8,0.646
New Hampshire,,2021/2/9,0.631
New Hampshire,,2021/2/10,0.636
New Hampshire,,2021/2/11,0.618
New Jersey,,2021/1/12,0.338
New Jersey,,2021/1/13,0.402
New Jersey,,2021/1/14,0.4
New Jersey,,2021/1/15,0.481
New Jersey,,2021/1/19,0.607
New Jersey,,2021/1/20,0.481
New Jersey,,2021/1/21,0.468
New Jersey,,2021/1/22,0.488
New Jersey,,2021/1/23,0.506
New Jersey,,2021/1/24,0.541
New Jersey,,2021/1/25,0.569
New Jersey,,2021/1/26,0.528
New Jersey,,2021/1/27,0.507
New Jersey,,2021/1/28,0.527
New Jersey,,2021/1/29,0.591
New Jersey,,2021/1/30,0.624
New Jersey,,2021/1/31,0.645
New Jersey,,2021/2/1,0.657
New Jersey,,2021/2/2,0.677
New Jersey,,2021/2/3,0.68
New Jersey,,2021/2/4,0.594
New Jersey,,2021/2/5,0.616
New Jersey,,2021/2/6,0.703
New Jersey,,2021/2/7,0.726
New Jersey,,2021/2/8,0.739
New Jersey,,2021/2/9,0.741
New Jersey,,2021/2/10,0.68
New Jersey,,2021/2/11,0.676
New Mexico,,2021/1/12,0.442
New Mexico,,2021/1/13,0.41
New Mexico,,2021/1/14,0.437
New Mexico,,2021/1/15,0.485
New Mexico,,2021/1/19,0.675
New Mexico,,2021/1/20,0.635
New Mexico,,2021/1/21,0.641
New Mexico,,2021/1/22,0.653
New Mexico,,2021/1/23,0.718
New Mexico,,2021/1/24,0.779
New Mexico,,2021/1/25,0.796
New Mexico,,2021/1/26,0.776
New Mexico,,2021/1/27,0.715
New Mexico,,2021/1/28,0.714
New Mexico,,2021/1/29,0.751
New Mexico,,2021/1/30,0.781
New Mexico,,2021/1/31,0.831
New Mexico,,2021/2/1,0.866
New Mexico,,2021/2/2,0.791
New Mexico,,2021/2/3,0.8
New Mexico,,2021/2/4,0.808
New Mexico,,2021/2/5,0.841
New Mexico,,2021/2/6,0.884
New Mexico,,2021/2/7,0.909
New Mexico,,2021/2/8,0.939
New Mexico,,2021/2/9,0.853
New Mexico,,2021/2/10,0.862
New Mexico,,2021/2/11,0.863
New York,,2021/1/12,0.357
New York,,2021/1/13,0.352
New York,,2021/1/14,0.368
New York,,2021/1/15,0.402
New York,,2021/1/19,0.531
New York,,2021/1/20,0.509
New York,,2021/1/21,0.504
New York,,2021/1/22,0.509
New York,,2021/1/23,0.535
New York,,2021/1/24,0.57
New York,,2021/1/25,0.592
New York,,2021/1/26,0.605
New York,,2021/1/27,0.553
New York,,2021/1/28,0.58
New York,,2021/1/29,0.603
New York,,2021/1/30,0.611
New York,,2021/1/31,0.639
New York,,2021/2/1,0.657
New York,,2021/2/2,0.658
New York,,2021/2/3,0.618
New York,,2021/2/4,0.61
New York,,2021/2/5,0.631
New York,,2021/2/6,0.659
New York,,2021/2/7,0.692
New York,,2021/2/8,0.716
New York,,2021/2/9,0.712
New York,,2021/2/10,0.68
New York,,2021/2/11,0.682
North Carolina,,2021/1/12,0.253
North Carolina,,2021/1/13,0.313
North Carolina,,2021/1/14,0.277
North Carolina,,2021/1/15,0.303
North Carolina,,2021/1/19,0.401
North Carolina,,2021/1/20,0.382
North Carolina,,2021/1/21,0.409
North Carolina,,2021/1/22,0.44
North Carolina,,2021/1/23,0.463
North Carolina,,2021/1/24,0.511
North Carolina,,2021/1/25,0.542
North Carolina,,2021/1/26,0.559
North Carolina,,2021/1/27,0.513
North Carolina,,2021/1/28,0.607
North Carolina,,2021/1/29,0.608
North Carolina,,2021/1/30,0.631
North Carolina,,2021/1/31,0.669
North Carolina,,2021/2/1,0.685
North Carolina,,2021/2/2,0.655
North Carolina,,2021/2/3,0.625
North Carolina,,2021/2/4,0.62
North Carolina,,2021/2/5,0.646
North Carolina,,2021/2/6,0.682
North Carolina,,2021/2/7,0.723
North Carolina,,2021/2/8,0.742
North Carolina,,2021/2/9,0.748
North Carolina,,2021/2/10,0.729
North Carolina,,2021/2/11,0.713
North Dakota,,2021/1/12,0.738
North Dakota,,2021/1/13,0.61
North Dakota,,2021/1/14,0.623
North Dakota,,2021/1/15,0.676
North Dakota,,2021/1/19,0.824
North Dakota,,2021/1/20,0.738
North Dakota,,2021/1/21,0.715
North Dakota,,2021/1/22,0.739
North Dakota,,2021/1/23,0.795
North Dakota,,2021/1/24,0.844
North Dakota,,2021/1/25,0.867
North Dakota,,2021/1/26,0.87
North Dakota,,2021/1/27,0.801
North Dakota,,2021/1/28,0.756
North Dakota,,2021/1/29,0.806
North Dakota,,2021/1/30,0.848
North Dakota,,2021/1/31,0.906
North Dakota,,2021/2/1,0.921
North Dakota,,2021/2/2,0.819
North Dakota,,2021/2/3,0.848
North Dakota,,2021/2/4,0.812
North Dakota,,2021/2/5,0.857
North Dakota,,2021/2/6,0.917
North Dakota,,2021/2/7,0.964
North Dakota,,2021/2/8,0.986
North Dakota,,2021/2/9,0.905
North Dakota,,2021/2/10,0.907
North Dakota,,2021/2/11,0.86
Northern Mariana Islands,MNP,2021/1/12,0.2
Northern Mariana Islands,MNP,2021/1/13,0.222
Northern Mariana Islands,MNP,2021/1/14,0.247
Northern Mariana Islands,MNP,2021/1/15,0.263
Northern Mariana Islands,MNP,2021/1/19,0.342
Northern Mariana Islands,MNP,2021/1/20,0.364
Northern Mariana Islands,MNP,2021/1/21,0.392
Northern Mariana Islands,MNP,2021/1/22,0.414
Northern Mariana Islands,MNP,2021/1/23,0.431
Northern Mariana Islands,MNP,2021/1/24,0.45
Northern Mariana Islands,MNP,2021/1/25,0.455
Northern Mariana Islands,MNP,2021/1/26,0.469
Northern Mariana Islands,MNP,2021/1/27,0.484
Northern Mariana Islands,MNP,2021/1/28,0.496
Northern Mariana Islands,MNP,2021/1/29,0.512
Northern Mariana Islands,MNP,2021/1/30,0.522
Northern Mariana Islands,MNP,2021/1/31,0.539
Northern Mariana Islands,MNP,2021/2/1,0.464
Northern Mariana Islands,MNP,2021/2/2,0.351
Northern Mariana Islands,MNP,2021/2/3,0.359
Northern Mariana Islands,MNP,2021/2/4,0.37
Northern Mariana Islands,MNP,2021/2/5,0.382
Northern Mariana Islands,MNP,2021/2/6,0.395
Northern Mariana Islands,MNP,2021/2/7,0.401
Northern Mariana Islands,MNP,2021/2/8,0.402
Northern Mariana Islands,MNP,2021/2/9,0.414
Northern Mariana Islands,MNP,2021/2/10,0.423
Northern Mariana Islands,MNP,2021/2/11,0.429
Ohio,,2021/1/12,0.36
Ohio,,2021/1/13,0.344
Ohio,,2021/1/14,0.36
Ohio,,2021/1/15,0.388
Ohio,,2021/1/19,0.488
Ohio,,2021/1/20,0.436
Ohio,,2021/1/21,0.434
Ohio,,2021/1/22,0.446
Ohio,,2021/1/23,0.482
Ohio,,2021/1/24,0.525
Ohio,,2021/1/25,0.556
Ohio,,2021/1/26,0.503
Ohio,,2021/1/27,0.495
Ohio,,2021/1/28,0.515
Ohio,,2021/1/29,0.543
Ohio,,2021/1/30,0.586
Ohio,,2021/1/31,0.614
Ohio,,2021/2/1,0.647
Ohio,,2021/2/2,0.608
Ohio,,2021/2/3,0.599
Ohio,,2021/2/4,0.594
Ohio,,2021/2/5,0.619
Ohio,,2021/2/6,0.653
Ohio,,2021/2/7,0.68
Ohio,,2021/2/8,0.708
Ohio,,2021/2/9,0.663
Ohio,,2021/2/10,0.654
Ohio,,2021/2/11,0.636
Oklahoma,,2021/1/12,0.414
Oklahoma,,2021/1/13,0.434
Oklahoma,,2021/1/14,0.468
Oklahoma,,2021/1/15,0.48
Oklahoma,,2021/1/19,0.571
Oklahoma,,2021/1/20,0.553
Oklahoma,,2021/1/21,0.545
Oklahoma,,2021/1/22,0.579
Oklahoma,,2021/1/23,0.614
Oklahoma,,2021/1/24,0.65
Oklahoma,,2021/1/25,0.658
Oklahoma,,2021/1/26,0.62
Oklahoma,,2021/1/27,0.606
Oklahoma,,2021/1/28,0.613
Oklahoma,,2021/1/29,0.65
Oklahoma,,2021/1/30,0.69
Oklahoma,,2021/1/31,0.736
Oklahoma,,2021/2/1,0.746
Oklahoma,,2021/2/2,0.723
Oklahoma,,2021/2/3,0.684
Oklahoma,,2021/2/4,0.692
Oklahoma,,2021/2/5,0.729
Oklahoma,,2021/2/6,0.737
Oklahoma,,2021/2/7,0.781
Oklahoma,,2021/2/8,0.798
Oklahoma,,2021/2/9,0.784
Oklahoma,,2021/2/10,0.778
Oklahoma,,2021/2/11,0.771
Oregon,,2021/1/12,0.325
Oregon,,2021/1/13,0.354
Oregon,,2021/1/14,0.387
Oregon,,2021/1/15,0.436
Oregon,,2021/1/19,0.647
Oregon,,2021/1/20,0.503
Oregon,,2021/1/21,0.453
Oregon,,2021/1/22,0.52
Oregon,,2021/1/23,0.549
Oregon,,2021/1/24,0.581
Oregon,,2021/1/25,0.611
Oregon,,2021/1/26,0.523
Oregon,,2021/1/27,0.543
Oregon,,2021/1/28,0.561
Oregon,,2021/1/29,0.585
Oregon,,2021/1/30,0.575
Oregon,,2021/1/31,0.613
Oregon,,2021/2/1,0.637
Oregon,,2021/2/2,0.641
Oregon,,2021/2/3,0.643
Oregon,,2021/2/4,0.668
Oregon,,2021/2/5,0.664
Oregon,,2021/2/6,0.694
Oregon,,2021/2/7,0.725
Oregon,,2021/2/8,0.754
Oregon,,2021/2/9,0.715
Oregon,,2021/2/10,0.709
Oregon,,2021/2/11,0.701
Pennsylvania,,2021/1/12,0.351
Pennsylvania,,2021/1/13,0.373
Pennsylvania,,2021/1/14,0.385
Pennsylvania,,2021/1/15,0.417
Pennsylvania,,2021/1/19,0.506
Pennsylvania,,2021/1/20,0.465
Pennsylvania,,2021/1/21,0.45
Pennsylvania,,2021/1/22,0.445
Pennsylvania,,2021/1/23,0.445
Pennsylvania,,2021/1/24,0.476
Pennsylvania,,2021/1/25,0.497
Pennsylvania,,2021/1/26,0.489
Pennsylvania,,2021/1/27,0.469
Pennsylvania,,2021/1/28,0.447
Pennsylvania,,2021/1/29,0.493
Pennsylvania,,2021/1/30,0.522
Pennsylvania,,2021/1/31,0.55
Pennsylvania,,2021/2/1,0.574
Pennsylvania,,2021/2/2,0.582
Pennsylvania,,2021/2/3,0.54
Pennsylvania,,2021/2/4,0.553
Pennsylvania,,2021/2/5,0.555
Pennsylvania,,2021/2/6,0.584
Pennsylvania,,2021/2/7,0.614
Pennsylvania,,2021/2/8,0.629
Pennsylvania,,2021/2/9,0.636
Pennsylvania,,2021/2/10,0.631
Pennsylvania,,2021/2/11,0.628
Puerto Rico,PRI,2021/1/12,0.269
Puerto Rico,PRI,2021/1/13,0.276
Puerto Rico,PRI,2021/1/14,0.311
Puerto Rico,PRI,2021/1/15,0.334
Puerto Rico,PRI,2021/1/19,0.416
Puerto Rico,PRI,2021/1/20,0.437
Puerto Rico,PRI,2021/1/21,0.451
Puerto Rico,PRI,2021/1/22,0.479
Puerto Rico,PRI,2021/1/23,0.466
Puerto Rico,PRI,2021/1/24,0.496
Puerto Rico,PRI,2021/1/25,0.505
Puerto Rico,PRI,2021/1/26,0.453
Puerto Rico,PRI,2021/1/27,0.394
Puerto Rico,PRI,2021/1/28,0.404
Puerto Rico,PRI,2021/1/29,0.423
Puerto Rico,PRI,2021/1/30,0.445
Puerto Rico,PRI,2021/1/31,0.47
Puerto Rico,PRI,2021/2/1,0.477
Puerto Rico,PRI,2021/2/2,0.473
Puerto Rico,PRI,2021/2/3,0.44
Puerto Rico,PRI,2021/2/4,0.448
Puerto Rico,PRI,2021/2/5,0.462
Puerto Rico,PRI,2021/2/6,0.48
Puerto Rico,PRI,2021/2/7,0.48
Puerto Rico,PRI,2021/2/8,0.48
Puerto Rico,PRI,2021/2/9,0.498
Puerto Rico,PRI,2021/2/10,0.498
Puerto Rico,PRI,2021/2/11,0.477
Republic of Palau,,2021/1/12,0.069
Republic of Palau,,2021/1/13,0.121
Republic of Palau,,2021/1/14,0.128
Republic of Palau,,2021/1/15,0.186
Republic of Palau,,2021/1/19,0.319
Republic of Palau,,2021/1/20,0.33
Republic of Palau,,2021/1/21,0.401
Republic of Palau,,2021/1/22,0.401
Republic of Palau,,2021/1/23,0.448
Republic of Palau,,2021/1/24,0.508
Republic of Palau,,2021/1/25,0.508
Republic of Palau,,2021/1/26,0.508
Republic of Palau,,2021/1/27,0.508
Republic of Palau,,2021/1/28,0.511
Republic of Palau,,2021/1/29,0.515
Republic of Palau,,2021/1/30,0.518
Republic of Palau,,2021/1/31,0.518
Republic of Palau,,2021/2/1,0.518
Republic of Palau,,2021/2/2,0.529
Republic of Palau,,2021/2/3,0.538
Republic of Palau,,2021/2/4,0.538
Republic of Palau,,2021/2/5,0.56
Republic of Palau,,2021/2/6,0.56
Republic of Palau,,2021/2/7,0.377
Republic of Palau,,2021/2/8,0.377
Republic of Palau,,2021/2/9,0.377
Republic of Palau,,2021/2/10,0.383
Republic of Palau,,2021/2/11,0.416
Rhode Island,,2021/1/12,0.493
Rhode Island,,2021/1/13,0.511
Rhode Island,,2021/1/14,0.533
Rhode Island,,2021/1/15,0.439
Rhode Island,,2021/1/19,0.499
Rhode Island,,2021/1/20,0.462
Rhode Island,,2021/1/21,0.463
Rhode Island,,2021/1/22,0.455
Rhode Island,,2021/1/23,0.424
Rhode Island,,2021/1/24,0.453
Rhode Island,,2021/1/25,0.472
Rhode Island,,2021/1/26,0.476
Rhode Island,,2021/1/27,0.503
Rhode Island,,2021/1/28,0.522
Rhode Island,,2021/1/29,0.531
Rhode Island,,2021/1/30,0.509
Rhode Island,,2021/1/31,0.526
Rhode Island,,2021/2/1,0.544
Rhode Island,,2021/2/2,0.565
Rhode Island,,2021/2/3,0.574
Rhode Island,,2021/2/4,0.582
Rhode Island,,2021/2/5,0.599
Rhode Island,,2021/2/6,0.582
Rhode Island,,2021/2/7,0.609
Rhode Island,,2021/2/8,0.627
Rhode Island,,2021/2/9,0.587
Rhode Island,,2021/2/10,0.6
Rhode Island,,2021/2/11,0.604
South Carolina,,2021/1/12,0.257
South Carolina,,2021/1/13,0.315
South Carolina,,2021/1/14,0.335
South Carolina,,2021/1/15,0.348
South Carolina,,2021/1/19,0.534
South Carolina,,2021/1/20,0.44
South Carolina,,2021/1/21,0.473
South Carolina,,2021/1/22,0.505
South Carolina,,2021/1/23,0.55
South Carolina,,2021/1/24,0.615
South Carolina,,2021/1/25,0.678
South Carolina,,2021/1/26,0.61
South Carolina,,2021/1/27,0.596
South Carolina,,2021/1/28,0.656
South Carolina,,2021/1/29,0.69
South Carolina,,2021/1/30,0.728
South Carolina,,2021/1/31,0.785
South Carolina,,2021/2/1,0.826
South Carolina,,2021/2/2,0.713
South Carolina,,2021/2/3,0.702
South Carolina,,2021/2/4,0.728
South Carolina,,2021/2/5,0.758
South Carolina,,2021/2/6,0.793
South Carolina,,2021/2/7,0.831
South Carolina,,2021/2/8,0.855
South Carolina,,2021/2/9,0.822
South Carolina,,2021/2/10,0.83
South Carolina,,2021/2/11,0.806
South Dakota,,2021/1/12,0.583
South Dakota,,2021/1/13,0.574
South Dakota,,2021/1/14,0.614
South Dakota,,2021/1/15,0.61
South Dakota,,2021/1/19,0.652
South Dakota,,2021/1/20,0.652
South Dakota,,2021/1/21,0.658
South Dakota,,2021/1/22,0.704
South Dakota,,2021/1/23,0.724
South Dakota,,2021/1/24,0.755
South Dakota,,2021/1/25,0.774
South Dakota,,2021/1/26,0.704
South Dakota,,2021/1/27,0.708
South Dakota,,2021/1/28,0.741
South Dakota,,2021/1/29,0.785
South Dakota,,2021/1/30,0.787
South Dakota,,2021/1/31,0.811
South Dakota,,2021/2/1,0.824
South Dakota,,2021/2/2,0.758
South Dakota,,2021/2/3,0.752
South Dakota,,2021/2/4,0.754
South Dakota,,2021/2/5,0.792
South Dakota,,2021/2/6,0.792
South Dakota,,2021/2/7,0.816
South Dakota,,2021/2/8,0.826
South Dakota,,2021/2/9,0.793
South Dakota,,2021/2/10,0.787
South Dakota,,2021/2/11,0.78
Tennessee,,2021/1/12,0.517
Tennessee,,2021/1/13,0.443
Tennessee,,2021/1/14,0.403
Tennessee,,2021/1/15,0.461
Tennessee,,2021/1/19,0.535
Tennessee,,2021/1/20,0.533
Tennessee,,2021/1/21,0.519
Tennessee,,2021/1/22,0.503
Tennessee,,2021/1/23,0.506
Tennessee,,2021/1/24,0.539
Tennessee,,2021/1/25,0.552
Tennessee,,2021/1/26,0.558
Tennessee,,2021/1/27,0.55
Tennessee,,2021/1/28,0.543
Tennessee,,2021/1/29,0.572
Tennessee,,2021/1/30,0.575
Tennessee,,2021/1/31,0.61
Tennessee,,2021/2/1,0.629
Tennessee,,2021/2/2,0.638
Tennessee,,2021/2/3,0.63
Tennessee,,2021/2/4,0.628
Tennessee,,2021/2/5,0.648
Tennessee,,2021/2/6,0.65
Tennessee,,2021/2/7,0.684
Tennessee,,2021/2/8,0.696
Tennessee,,2021/2/9,0.702
Tennessee,,2021/2/10,0.685
Tennessee,,2021/2/11,0.669
Texas,,2021/1/12,0.468
Texas,,2021/1/13,0.493
Texas,,2021/1/14,0.496
Texas,,2021/1/15,0.551
Texas,,2021/1/19,0.667
Texas,,2021/1/20,0.577
Texas,,2021/1/21,0.561
Texas,,2021/1/22,0.57
Texas,,2021/1/23,0.563
Texas,,2021/1/24,0.574
Texas,,2021/1/25,0.587
Texas,,2021/1/26,0.574
Texas,,2021/1/27,0.563
Texas,,2021/1/28,0.6
Texas,,2021/1/29,0.607
Texas,,2021/1/30,0.64
Texas,,2021/1/31,0.658
Texas,,2021/2/1,0.682
Texas,,2021/2/2,0.61
Texas,,2021/2/3,0.629
Texas,,2021/2/4,0.663
Texas,,2021/2/5,0.691
Texas,,2021/2/6,0.706
Texas,,2021/2/7,0.737
Texas,,2021/2/8,0.755
Texas,,2021/2/9,0.748
Texas,,2021/2/10,0.712
Texas,,2021/2/11,0.728
United States,USA,2021/1/12,0.337
United States,USA,2021/1/13,0.35
United States,USA,2021/1/14,0.364
United States,USA,2021/1/15,0.394
United States,USA,2021/1/19,0.504
United States,USA,2021/1/20,0.459
United States,USA,2021/1/21,0.462
United States,USA,2021/1/22,0.479
United States,USA,2021/1/23,0.496
United States,USA,2021/1/24,0.528
United States,USA,2021/1/25,0.549
United States,USA,2021/1/26,0.53
United States,USA,2021/1/27,0.522
United States,USA,2021/1/28,0.541
United States,USA,2021/1/29,0.567
United States,USA,2021/1/30,0.592
United States,USA,2021/1/31,0.623
United States,USA,2021/2/1,0.645
United States,USA,2021/2/2,0.623
United States,USA,2021/2/3,0.606
United States,USA,2021/2/4,0.612
United States,USA,2021/2/5,0.631
United States,USA,2021/2/6,0.658
United States,USA,2021/2/7,0.695
United States,USA,2021/2/8,0.715
United States,USA,2021/2/9,0.687
United States,USA,2021/2/10,0.679
United States,USA,2021/2/11,0.679
Utah,,2021/1/12,0.372
Utah,,2021/1/13,0.391
Utah,,2021/1/14,0.431
Utah,,2021/1/15,0.478
Utah,,2021/1/19,0.609
Utah,,2021/1/20,0.569
Utah,,2021/1/21,0.561
Utah,,2021/1/22,0.593
Utah,,2021/1/23,0.593
Utah,,2021/1/24,0.593
Utah,,2021/1/25,0.67
Utah,,2021/1/26,0.615
Utah,,2021/1/27,0.608
Utah,,2021/1/28,0.6
Utah,,2021/1/29,0.675
Utah,,2021/1/30,0.714
Utah,,2021/1/31,0.714
Utah,,2021/2/1,0.805
Utah,,2021/2/2,0.76
Utah,,2021/2/3,0.688
Utah,,2021/2/4,0.718
Utah,,2021/2/5,0.763
Utah,,2021/2/6,0.811
Utah,,2021/2/7,0.811
Utah,,2021/2/8,1.027
Utah,,2021/2/9,0.959
Utah,,2021/2/10,0.921
Utah,,2021/2/11,0.88
Vermont,,2021/1/12,0.397
Vermont,,2021/1/13,0.424
Vermont,,2021/1/14,0.424
Vermont,,2021/1/15,0.439
Vermont,,2021/1/19,0.548
Vermont,,2021/1/20,0.537
Vermont,,2021/1/21,0.543
Vermont,,2021/1/22,0.548
Vermont,,2021/1/23,0.549
Vermont,,2021/1/24,0.576
Vermont,,2021/1/25,0.596
Vermont,,2021/1/26,0.586
Vermont,,2021/1/27,0.572
Vermont,,2021/1/28,0.596
Vermont,,2021/1/29,0.619
Vermont,,2021/1/30,0.639
Vermont,,2021/1/31,0.673
Vermont,,2021/2/1,0.726
Vermont,,2021/2/2,0.674
Vermont,,2021/2/3,0.658
Vermont,,2021/2/4,0.665
Vermont,,2021/2/5,0.69
Vermont,,2021/2/6,0.715
Vermont,,2021/2/7,0.751
Vermont,,2021/2/8,0.778
Vermont,,2021/2/9,0.716
Vermont,,2021/2/10,0.7
Vermont,,2021/2/11,0.703
Veterans Health,,2021/1/12,0.256
Veterans Health,,2021/1/13,0.27
Veterans Health,,2021/1/14,0.302
Veterans Health,,2021/1/15,0.32
Veterans Health,,2021/1/19,0.419
Veterans Health,,2021/1/20,0.413
Veterans Health,,2021/1/21,0.479
Veterans Health,,2021/1/22,0.504
Veterans Health,,2021/1/23,0.542
Veterans Health,,2021/1/24,0.577
Veterans Health,,2021/1/25,0.61
Veterans Health,,2021/1/26,0.558
Veterans Health,,2021/1/27,0.569
Veterans Health,,2021/1/28,0.579
Veterans Health,,2021/1/29,0.615
Veterans Health,,2021/1/30,0.649
Veterans Health,,2021/1/31,0.682
Veterans Health,,2021/2/1,0.704
Veterans Health,,2021/2/2,0.653
Veterans Health,,2021/2/3,0.657
Veterans Health,,2021/2/4,0.642
Veterans Health,,2021/2/5,0.674
Veterans Health,,2021/2/6,0.652
Veterans Health,,2021/2/7,0.704
Veterans Health,,2021/2/8,0.726
Veterans Health,,2021/2/9,0.658
Veterans Health,,2021/2/10,0.666
Veterans Health,,2021/2/11,0.674
Virgin Islands,,2021/1/12,0.096
Virgin Islands,,2021/1/13,0.125
Virgin Islands,,2021/1/14,0.132
Virgin Islands,,2021/1/15,0.138
Virgin Islands,,2021/1/19,0.181
Virgin Islands,,2021/1/20,0.196
Virgin Islands,,2021/1/21,0.206
Virgin Islands,,2021/1/22,0.227
Virgin Islands,,2021/1/23,0.248
Virgin Islands,,2021/1/24,0.25
Virgin Islands,,2021/1/25,0.234
Virgin Islands,,2021/1/26,0.239
Virgin Islands,,2021/1/27,0.247
Virgin Islands,,2021/1/28,0.271
Virgin Islands,,2021/1/29,0.308
Virgin Islands,,2021/1/30,0.349
Virgin Islands,,2021/1/31,0.352
Virgin Islands,,2021/2/1,0.358
Virgin Islands,,2021/2/2,0.33
Virgin Islands,,2021/2/3,0.363
Virgin Islands,,2021/2/4,0.398
Virgin Islands,,2021/2/5,0.431
Virgin Islands,,2021/2/6,0.459
Virgin Islands,,2021/2/7,0.459
Virgin Islands,,2021/2/8,0.462
Virgin Islands,,2021/2/9,0.468
Virgin Islands,,2021/2/10,0.442
Virgin Islands,,2021/2/11,0.439
Virginia,,2021/1/12,0.239
Virginia,,2021/1/13,0.258
Virginia,,2021/1/14,0.255
Virginia,,2021/1/15,0.286
Virginia,,2021/1/19,0.383
Virginia,,2021/1/20,0.357
Virginia,,2021/1/21,0.365
Virginia,,2021/1/22,0.376
Virginia,,2021/1/23,0.401
Virginia,,2021/1/24,0.422
Virginia,,2021/1/25,0.451
Virginia,,2021/1/26,0.507
Virginia,,2021/1/27,0.533
Virginia,,2021/1/28,0.57
Virginia,,2021/1/29,0.611
Virginia,,2021/1/30,0.638
Virginia,,2021/1/31,0.676
Virginia,,2021/2/1,0.707
Virginia,,2021/2/2,0.69
Virginia,,2021/2/3,0.673
Virginia,,2021/2/4,0.687
Virginia,,2021/2/5,0.716
Virginia,,2021/2/6,0.758
Virginia,,2021/2/7,0.795
Virginia,,2021/2/8,0.818
Virginia,,2021/2/9,0.752
Virginia,,2021/2/10,0.761
Virginia,,2021/2/11,0.769
Washington,,2021/1/12,0.344
Washington,,2021/1/13,0.364
Washington,,2021/1/14,0.344
Washington,,2021/1/15,0.348
Washington,,2021/1/19,0.461
Washington,,2021/1/20,0.431
Washington,,2021/1/21,0.455
Washington,,2021/1/22,0.486
Washington,,2021/1/23,0.516
Washington,,2021/1/24,0.531
Washington,,2021/1/25,0.577
Washington,,2021/1/26,0.528
Washington,,2021/1/27,0.545
Washington,,2021/1/28,0.569
Washington,,2021/1/29,0.604
Washington,,2021/1/30,0.624
Washington,,2021/1/31,0.664
Washington,,2021/2/1,0.699
Washington,,2021/2/2,0.657
Washington,,2021/2/3,0.658
Washington,,2021/2/4,0.682
Washington,,2021/2/5,0.706
Washington,,2021/2/6,0.718
Washington,,2021/2/7,0.749
Washington,,2021/2/8,0.776
Washington,,2021/2/9,0.697
Washington,,2021/2/10,0.718
Washington,,2021/2/11,0.728
West Virginia,,2021/1/12,0.642
West Virginia,,2021/1/13,0.688
West Virginia,,2021/1/14,0.737
West Virginia,,2021/1/15,0.653
West Virginia,,2021/1/19,0.743
West Virginia,,2021/1/20,0.684
West Virginia,,2021/1/21,0.723
West Virginia,,2021/1/22,0.78
West Virginia,,2021/1/23,0.801
West Virginia,,2021/1/24,0.835
West Virginia,,2021/1/25,0.839
West Virginia,,2021/1/26,0.756
West Virginia,,2021/1/27,0.772
West Virginia,,2021/1/28,0.807
West Virginia,,2021/1/29,0.862
West Virginia,,2021/1/30,0.84
West Virginia,,2021/1/31,0.851
West Virginia,,2021/2/1,0.853
West Virginia,,2021/2/2,0.813
West Virginia,,2021/2/3,0.816
West Virginia,,2021/2/4,0.842
West Virginia,,2021/2/5,0.888
West Virginia,,2021/2/6,0.882
West Virginia,,2021/2/7,0.902
West Virginia,,2021/2/8,0.906
West Virginia,,2021/2/9,0.861
West Virginia,,2021/2/10,0.874
West Virginia,,2021/2/11,0.88
Wisconsin,,2021/1/12,0.32
Wisconsin,,2021/1/13,0.315
Wisconsin,,2021/1/14,0.342
Wisconsin,,2021/1/15,0.388
Wisconsin,,2021/1/19,0.488
Wisconsin,,2021/1/20,0.413
Wisconsin,,2021/1/21,0.414
Wisconsin,,2021/1/22,0.437
Wisconsin,,2021/1/23,0.468
Wisconsin,,2021/1/24,0.505
Wisconsin,,2021/1/25,0.518
Wisconsin,,2021/1/26,0.464
Wisconsin,,2021/1/27,0.424
Wisconsin,,2021/1/28,0.456
Wisconsin,,2021/1/29,0.513
Wisconsin,,2021/1/30,0.566
Wisconsin,,2021/1/31,0.618
Wisconsin,,2021/2/1,0.646
Wisconsin,,2021/2/2,0.58
Wisconsin,,2021/2/3,0.594
Wisconsin,,2021/2/4,0.593
Wisconsin,,2021/2/5,0.643
Wisconsin,,2021/2/6,0.689
Wisconsin,,2021/2/7,0.802
Wisconsin,,2021/2/8,0.824
Wisconsin,,2021/2/9,0.736
Wisconsin,,2021/2/10,0.752
Wisconsin,,2021/2/11,0.765
Wyoming,,2021/1/12,0.344
Wyoming,,2021/1/13,0.308
Wyoming,,2021/1/14,0.336
Wyoming,,2021/1/15,0.387
Wyoming,,2021/1/19,0.477
Wyoming,,2021/1/20,0.468
Wyoming,,2021/1/21,0.435
Wyoming,,2021/1/22,0.496
Wyoming,,2021/1/23,0.531
Wyoming,,2021/1/24,0.577
Wyoming,,2021/1/25,0.582
Wyoming,,2021/1/26,0.576
Wyoming,,2021/1/27,0.524
Wyoming,,2021/1/28,0.524
Wyoming,,2021/1/29,0.573
Wyoming,,2021/1/30,0.573
Wyoming,,2021/1/31,0.665
Wyoming,,2021/2/1,0.685
Wyoming,,2021/2/2,0.66
Wyoming,,2021/2/3,0.622
Wyoming,,2021/2/4,0.622
Wyoming,,2021/2/5,0.663
Wyoming,,2021/2/6,0.707
Wyoming,,2021/2/7,0.707
Wyoming,,2021/2/8,0.752
Wyoming,,2021/2/9,0.676
Wyoming,,2021/2/10,0.677
Wyoming,,2021/2/11,0.669