Entity,Code,Date,total_vaccinations_per_hundred
Alabama,,2021/1/12,1.59
Alabama,,2021/1/13,1.71
Alabama,,2021/1/14,1.88
Alabama,,2021/1/15,2.05
Alabama,,2021/1/19,2.67
Alabama,,2021/1/20,2.84
Alabama,,2021/1/21,3.38
Alabama,,2021/1/22,4.06
Alabama,,2021/1/23,4.52
Alabama,,2021/1/24,4.97
Alabama,,2021/1/25,5.11
Alabama,,2021/1/26,5.2
Alabama,,2021/1/27,5.43
Alabama,,2021/1/28,5.69
Alabama,,2021/1/29,6.14
Alabama,,2021/1/30,6.98
Alabama,,2021/1/31,7.22
Alabama,,2021/2/1,7.31
Alabama,,2021/2/2,7.58
Alabama,,2021/2/3,7.92
Alabama,,2021/2/4,8.33
Alabama,,2021/2/5,8.78
Alabama,,2021/2/6,9.28
Alabama,,2021/2/7,9.43
Alabama,,2021/2/8,9.54
Alabama,,2021/2/9,10.01
Alabama,,2021/2/10,10.52
Alabama,,2021/2/11,11.08
Alaska,,2021/1/12,4.9
Alaska,,2021/1/13,5.29
Alaska,,2021/1/14,5.82
Alaska,,2021/1/15,6.7
Alaska,,2021/1/19,9.07
Alaska,,2021/1/20,9.34
Alaska,,2021/1/21,9.83
Alaska,,2021/1/22,11.09
Alaska,,2021/1/23,12.08
Alaska,,2021/1/24,12.88
Alaska,,2021/1/25,13.26
Alaska,,2021/1/26,13.42
Alaska,,2021/1/27,13.89
Alaska,,2021/1/28,14.47
Alaska,,2021/1/29,15.09
Alaska,,2021/1/30,15.76
Alaska,,2021/1/31,16.35
Alaska,,2021/2/1,16.68
Alaska,,2021/2/2,16.87
Alaska,,2021/2/3,17.19
Alaska,,2021/2/4,17.76
Alaska,,2021/2/5,18.32
Alaska,,2021/2/6,19.02
Alaska,,2021/2/7,19.97
Alaska,,2021/2/8,20.63
Alaska,,2021/2/9,20.9
Alaska,,2021/2/10,21.36
Alaska,,2021/2/11,22.18
American Samoa,ASM,2021/1/12,3.81
American Samoa,ASM,2021/1/13,4.63
American Samoa,ASM,2021/1/14,5.34
American Samoa,ASM,2021/1/15,6.97
American Samoa,ASM,2021/1/19,8.54
American Samoa,ASM,2021/1/20,9.54
American Samoa,ASM,2021/1/21,10.17
American Samoa,ASM,2021/1/22,11.8
American Samoa,ASM,2021/1/23,12.27
American Samoa,ASM,2021/1/24,14.45
American Samoa,ASM,2021/1/25,14.45
American Samoa,ASM,2021/1/26,14.93
American Samoa,ASM,2021/1/27,16.31
American Samoa,ASM,2021/1/28,16.31
American Samoa,ASM,2021/1/29,17.82
American Samoa,ASM,2021/1/30,17.82
American Samoa,ASM,2021/1/31,17.82
American Samoa,ASM,2021/2/1,19.32
American Samoa,ASM,2021/2/2,19.32
American Samoa,ASM,2021/2/3,19.87
American Samoa,ASM,2021/2/4,20.21
American Samoa,ASM,2021/2/5,21.6
American Samoa,ASM,2021/2/6,22.01
American Samoa,ASM,2021/2/7,22.01
American Samoa,ASM,2021/2/8,22.01
American Samoa,ASM,2021/2/9,22.77
American Samoa,ASM,2021/2/10,23.92
American Samoa,ASM,2021/2/11,24.26
Arizona,,2021/1/12,1.94
Arizona,,2021/1/13,2.13
Arizona,,2021/1/14,2.39
Arizona,,2021/1/15,2.71
Arizona,,2021/1/19,3.66
Arizona,,2021/1/20,3.87
Arizona,,2021/1/21,4.18
Arizona,,2021/1/22,4.52
Arizona,,2021/1/23,4.96
Arizona,,2021/1/24,5.37
Arizona,,2021/1/25,5.68
Arizona,,2021/1/26,5.92
Arizona,,2021/1/27,6.3
Arizona,,2021/1/28,6.69
Arizona,,2021/1/29,7.16
Arizona,,2021/1/30,7.66
Arizona,,2021/1/31,8.16
Arizona,,2021/2/1,8.53
Arizona,,2021/2/2,8.68
Arizona,,2021/2/3,9.01
Arizona,,2021/2/4,9.43
Arizona,,2021/2/5,9.88
Arizona,,2021/2/6,10.54
Arizona,,2021/2/7,11.12
Arizona,,2021/2/8,11.55
Arizona,,2021/2/9,11.87
Arizona,,2021/2/10,12.33
Arizona,,2021/2/11,12.94
Arkansas,,2021/1/12,1.36
Arkansas,,2021/1/13,3.14
Arkansas,,2021/1/14,3.59
Arkansas,,2021/1/15,3.92
Arkansas,,2021/1/19,4.72
Arkansas,,2021/1/20,5.74
Arkansas,,2021/1/21,5.74
Arkansas,,2021/1/22,6.68
Arkansas,,2021/1/23,6.68
Arkansas,,2021/1/24,7.1
Arkansas,,2021/1/25,7.33
Arkansas,,2021/1/26,7.83
Arkansas,,2021/1/27,8.38
Arkansas,,2021/1/28,8.38
Arkansas,,2021/1/29,8.95
Arkansas,,2021/1/30,9.56
Arkansas,,2021/1/31,10.07
Arkansas,,2021/2/1,10.31
Arkansas,,2021/2/2,10.42
Arkansas,,2021/2/3,10.68
Arkansas,,2021/2/4,11.21
Arkansas,,2021/2/5,11.64
Arkansas,,2021/2/6,12.42
Arkansas,,2021/2/7,13.04
Arkansas,,2021/2/8,13.31
Arkansas,,2021/2/9,13.39
Arkansas,,2021/2/10,13.85
Arkansas,,2021/2/11,14.27
California,,2021/1/12,2.07
California,,2021/1/13,2.26
California,,2021/1/14,2.47
California,,2021/1/15,2.72
California,,2021/1/19,3.7
California,,2021/1/20,3.88
California,,2021/1/21,4.14
California,,2021/1/22,4.57
California,,2021/1/23,5.08
California,,2021/1/24,5.57
California,,2021/1/25,5.9
California,,2021/1/26,6.19
California,,2021/1/27,6.53
California,,2021/1/28,6.95
California,,2021/1/29,7.37
California,,2021/1/30,7.84
California,,2021/1/31,8.32
California,,2021/2/1,8.74
California,,2021/2/2,8.97
California,,2021/2/3,9.29
California,,2021/2/4,9.42
California,,2021/2/5,9.92
California,,2021/2/6,10.47
California,,2021/2/7,11.35
California,,2021/2/8,11.85
California,,2021/2/9,12.11
California,,2021/2/10,12.55
California,,2021/2/11,13
Colorado,,2021/1/12,3.9
Colorado,,2021/1/13,4.16
Colorado,,2021/1/14,4.42
Colorado,,2021/1/15,4.73
Colorado,,2021/1/19,5.74
Colorado,,2021/1/20,5.91
Colorado,,2021/1/21,6.13
Colorado,,2021/1/22,6.55
Colorado,,2021/1/23,6.55
Colorado,,2021/1/24,7.54
Colorado,,2021/1/25,7.78
Colorado,,2021/1/26,7.95
Colorado,,2021/1/27,8.24
Colorado,,2021/1/28,8.61
Colorado,,2021/1/29,9.06
Colorado,,2021/1/30,9.47
Colorado,,2021/1/31,9.88
Colorado,,2021/2/1,10.24
Colorado,,2021/2/2,10.44
Colorado,,2021/2/3,10.72
Colorado,,2021/2/4,11.1
Colorado,,2021/2/5,11.49
Colorado,,2021/2/6,12.07
Colorado,,2021/2/7,12.68
Colorado,,2021/2/8,13.06
Colorado,,2021/2/9,13.16
Colorado,,2021/2/10,13.67
Colorado,,2021/2/11,14.15
Connecticut,,2021/1/12,4.25
Connecticut,,2021/1/13,4.54
Connecticut,,2021/1/14,4.82
Connecticut,,2021/1/15,5.21
Connecticut,,2021/1/19,6.44
Connecticut,,2021/1/20,6.82
Connecticut,,2021/1/21,7.42
Connecticut,,2021/1/22,8.06
Connecticut,,2021/1/23,8.6
Connecticut,,2021/1/24,9.02
Connecticut,,2021/1/25,9.29
Connecticut,,2021/1/26,9.61
Connecticut,,2021/1/27,10.12
Connecticut,,2021/1/28,10.69
Connecticut,,2021/1/29,11.31
Connecticut,,2021/1/30,11.81
Connecticut,,2021/1/31,12.25
Connecticut,,2021/2/1,12.6
Connecticut,,2021/2/2,12.79
Connecticut,,2021/2/3,13.04
Connecticut,,2021/2/4,13.51
Connecticut,,2021/2/5,14.09
Connecticut,,2021/2/6,14.57
Connecticut,,2021/2/7,14.98
Connecticut,,2021/2/8,15.21
Connecticut,,2021/2/9,15.55
Connecticut,,2021/2/10,16.12
Connecticut,,2021/2/11,16.84
Delaware,,2021/1/12,2.71
Delaware,,2021/1/13,2.92
Delaware,,2021/1/14,3.19
Delaware,,2021/1/15,3.19
Delaware,,2021/1/19,4.37
Delaware,,2021/1/20,4.69
Delaware,,2021/1/21,5.07
Delaware,,2021/1/22,5.57
Delaware,,2021/1/23,6.16
Delaware,,2021/1/24,6.59
Delaware,,2021/1/25,6.87
Delaware,,2021/1/26,7.03
Delaware,,2021/1/27,7.95
Delaware,,2021/1/28,8.45
Delaware,,2021/1/29,8.96
Delaware,,2021/1/30,9.5
Delaware,,2021/1/31,10.26
Delaware,,2021/2/1,10.55
Delaware,,2021/2/2,10.66
Delaware,,2021/2/3,11.04
Delaware,,2021/2/4,11.38
Delaware,,2021/2/5,11.73
Delaware,,2021/2/6,12.17
Delaware,,2021/2/7,12.68
Delaware,,2021/2/8,13.01
Delaware,,2021/2/9,13.1
Delaware,,2021/2/10,13.36
Delaware,,2021/2/11,13.7
District of Columbia,,2021/1/12,4.22
District of Columbia,,2021/1/13,4.68
District of Columbia,,2021/1/14,5.2
District of Columbia,,2021/1/15,5.66
District of Columbia,,2021/1/19,7.08
District of Columbia,,2021/1/20,7.33
District of Columbia,,2021/1/21,7.81
District of Columbia,,2021/1/22,8.06
District of Columbia,,2021/1/23,8.47
District of Columbia,,2021/1/24,8.84
District of Columbia,,2021/1/25,9.1
District of Columbia,,2021/1/26,9.17
District of Columbia,,2021/1/27,9.65
District of Columbia,,2021/1/28,10.04
District of Columbia,,2021/1/29,10.39
District of Columbia,,2021/1/30,10.86
District of Columbia,,2021/1/31,11.41
District of Columbia,,2021/2/1,11.69
District of Columbia,,2021/2/2,11.84
District of Columbia,,2021/2/3,12.05
District of Columbia,,2021/2/4,13.33
District of Columbia,,2021/2/5,14.01
District of Columbia,,2021/2/6,14.46
District of Columbia,,2021/2/7,14.99
District of Columbia,,2021/2/8,15.37
District of Columbia,,2021/2/9,15.37
District of Columbia,,2021/2/10,15.37
District of Columbia,,2021/2/11,15.83
Federated States of Micronesia,,2021/1/12,0.41
Federated States of Micronesia,,2021/1/13,0.55
Federated States of Micronesia,,2021/1/14,0.58
Federated States of Micronesia,,2021/1/15,0.67
Federated States of Micronesia,,2021/1/19,1.39
Federated States of Micronesia,,2021/1/20,1.69
Federated States of Micronesia,,2021/1/21,2.01
Federated States of Micronesia,,2021/1/22,2.43
Federated States of Micronesia,,2021/1/23,2.66
Federated States of Micronesia,,2021/1/24,2.66
Federated States of Micronesia,,2021/1/25,2.66
Federated States of Micronesia,,2021/1/26,2.87
Federated States of Micronesia,,2021/1/27,3.13
Federated States of Micronesia,,2021/1/28,3.38
Federated States of Micronesia,,2021/1/29,3.83
Federated States of Micronesia,,2021/1/30,3.83
Federated States of Micronesia,,2021/1/31,3.83
Federated States of Micronesia,,2021/2/1,4.93
Federated States of Micronesia,,2021/2/2,5.52
Federated States of Micronesia,,2021/2/3,6.03
Federated States of Micronesia,,2021/2/4,6.46
Federated States of Micronesia,,2021/2/5,6.76
Federated States of Micronesia,,2021/2/6,7.08
Federated States of Micronesia,,2021/2/7,7.15
Federated States of Micronesia,,2021/2/8,7.19
Federated States of Micronesia,,2021/2/9,7.45
Federated States of Micronesia,,2021/2/10,7.74
Federated States of Micronesia,,2021/2/11,8.07
Florida,,2021/1/12,2.95
Florida,,2021/1/13,3.28
Florida,,2021/1/14,3.61
Florida,,2021/1/15,3.97
Florida,,2021/1/19,5.47
Florida,,2021/1/20,5.77
Florida,,2021/1/21,5.77
Florida,,2021/1/22,6.12
Florida,,2021/1/23,6.93
Florida,,2021/1/24,7.19
Florida,,2021/1/25,7.19
Florida,,2021/1/26,7.34
Florida,,2021/1/27,7.6
Florida,,2021/1/28,7.95
Florida,,2021/1/29,8.36
Florida,,2021/1/30,8.8
Florida,,2021/1/31,9.12
Florida,,2021/2/1,9.34
Florida,,2021/2/2,9.54
Florida,,2021/2/3,9.93
Florida,,2021/2/4,10.35
Florida,,2021/2/5,10.53
Florida,,2021/2/6,11.11
Florida,,2021/2/7,12.14
Florida,,2021/2/8,12.14
Florida,,2021/2/9,12.72
Florida,,2021/2/10,13.2
Florida,,2021/2/11,13.77
Georgia,GEO,2021/1/12,1.61
Georgia,GEO,2021/1/13,1.87
Georgia,GEO,2021/1/14,2.18
Georgia,GEO,2021/1/15,2.18
Georgia,GEO,2021/1/19,2.94
Georgia,GEO,2021/1/20,3.74
Georgia,GEO,2021/1/21,4.28
Georgia,GEO,2021/1/22,5.68
Georgia,GEO,2021/1/23,5.69
Georgia,GEO,2021/1/24,5.69
Georgia,GEO,2021/1/25,5.69
Georgia,GEO,2021/1/26,6.3
Georgia,GEO,2021/1/27,6.71
Georgia,GEO,2021/1/28,7.2
Georgia,GEO,2021/1/29,7.63
Georgia,GEO,2021/1/30,8.07
Georgia,GEO,2021/1/31,8.54
Georgia,GEO,2021/2/1,8.76
Georgia,GEO,2021/2/2,8.85
Georgia,GEO,2021/2/3,9.18
Georgia,GEO,2021/2/4,9.49
Georgia,GEO,2021/2/5,9.9
Georgia,GEO,2021/2/6,10.35
Georgia,GEO,2021/2/7,10.79
Georgia,GEO,2021/2/8,11
Georgia,GEO,2021/2/9,11.11
Georgia,GEO,2021/2/10,11.53
Georgia,GEO,2021/2/11,11.99
Guam,GUM,2021/1/12,2.29
Guam,GUM,2021/1/13,2.29
Guam,GUM,2021/1/14,2.29
Guam,GUM,2021/1/15,2.29
Guam,GUM,2021/1/19,2.29
Guam,GUM,2021/1/20,2.29
Guam,GUM,2021/1/21,2.29
Guam,GUM,2021/1/22,2.29
Guam,GUM,2021/1/23,2.29
Guam,GUM,2021/1/24,2.29
Guam,GUM,2021/1/25,2.29
Guam,GUM,2021/1/26,10.44
Guam,GUM,2021/1/27,11.02
Guam,GUM,2021/1/28,11.77
Guam,GUM,2021/1/29,12.82
Guam,GUM,2021/1/30,13.54
Guam,GUM,2021/1/31,13.54
Guam,GUM,2021/2/1,14.14
Guam,GUM,2021/2/2,14.97
Guam,GUM,2021/2/3,15.73
Guam,GUM,2021/2/4,15.73
Guam,GUM,2021/2/5,16.51
Guam,GUM,2021/2/6,17.47
Guam,GUM,2021/2/7,17.84
Guam,GUM,2021/2/8,17.93
Guam,GUM,2021/2/9,18.65
Guam,GUM,2021/2/10,19.57
Guam,GUM,2021/2/11,20.51
Hawaii,,2021/1/12,2.37
Hawaii,,2021/1/13,2.58
Hawaii,,2021/1/14,3.39
Hawaii,,2021/1/15,3.32
Hawaii,,2021/1/19,4.52
Hawaii,,2021/1/20,5.08
Hawaii,,2021/1/21,5.61
Hawaii,,2021/1/22,5.99
Hawaii,,2021/1/23,5.99
Hawaii,,2021/1/24,5.99
Hawaii,,2021/1/25,6.5
Hawaii,,2021/1/26,6.62
Hawaii,,2021/1/27,6.9
Hawaii,,2021/1/28,7.34
Hawaii,,2021/1/29,7.85
Hawaii,,2021/1/30,8.51
Hawaii,,2021/1/31,9.13
Hawaii,,2021/2/1,9.59
Hawaii,,2021/2/2,9.74
Hawaii,,2021/2/3,10.15
Hawaii,,2021/2/4,10.67
Hawaii,,2021/2/5,11.99
Hawaii,,2021/2/6,12.65
Hawaii,,2021/2/7,13.21
Hawaii,,2021/2/8,13.7
Hawaii,,2021/2/9,13.7
Hawaii,,2021/2/10,13.7
Hawaii,,2021/2/11,14.17
Idaho,,2021/1/12,2.01
Idaho,,2021/1/13,2.17
Idaho,,2021/1/14,2.38
Idaho,,2021/1/15,2.61
Idaho,,2021/1/19,3.58
Idaho,,2021/1/20,3.88
Idaho,,2021/1/21,4.11
Idaho,,2021/1/22,4.36
Idaho,,2021/1/23,4.62
Idaho,,2021/1/24,4.88
Idaho,,2021/1/25,5.11
Idaho,,2021/1/26,5.25
Idaho,,2021/1/27,5.43
Idaho,,2021/1/28,5.75
Idaho,,2021/1/29,6.09
Idaho,,2021/1/30,6.42
Idaho,,2021/1/31,6.76
Idaho,,2021/2/1,6.96
Idaho,,2021/2/2,7.09
Idaho,,2021/2/3,7.41
Idaho,,2021/2/4,7.94
Idaho,,2021/2/5,8.92
Idaho,,2021/2/6,9.86
Idaho,,2021/2/7,10.39
Idaho,,2021/2/8,10.94
Idaho,,2021/2/9,11.13
Idaho,,2021/2/10,11.49
Idaho,,2021/2/11,11.98
Illinois,,2021/1/12,2.74
Illinois,,2021/1/13,2.89
Illinois,,2021/1/14,3.19
Illinois,,2021/1/15,3.45
Illinois,,2021/1/19,4.15
Illinois,,2021/1/20,4.26
Illinois,,2021/1/21,4.5
Illinois,,2021/1/22,4.79
Illinois,,2021/1/23,5.17
Illinois,,2021/1/24,5.52
Illinois,,2021/1/25,5.71
Illinois,,2021/1/26,5.82
Illinois,,2021/1/27,6.05
Illinois,,2021/1/28,6.5
Illinois,,2021/1/29,6.98
Illinois,,2021/1/30,7.49
Illinois,,2021/1/31,7.98
Illinois,,2021/2/1,8.32
Illinois,,2021/2/2,8.47
Illinois,,2021/2/3,8.75
Illinois,,2021/2/4,9.3
Illinois,,2021/2/5,9.84
Illinois,,2021/2/6,10.5
Illinois,,2021/2/7,11.06
Illinois,,2021/2/8,11.5
Illinois,,2021/2/9,11.66
Illinois,,2021/2/10,12.15
Illinois,,2021/2/11,12.66
Indiana,,2021/1/12,2.85
Indiana,,2021/1/13,3.14
Indiana,,2021/1/14,3.47
Indiana,,2021/1/15,3.87
Indiana,,2021/1/19,4.97
Indiana,,2021/1/20,5.29
Indiana,,2021/1/21,5.75
Indiana,,2021/1/22,6.15
Indiana,,2021/1/23,6.62
Indiana,,2021/1/24,6.62
Indiana,,2021/1/25,7.31
Indiana,,2021/1/26,7.41
Indiana,,2021/1/27,7.79
Indiana,,2021/1/28,8.2
Indiana,,2021/1/29,8.64
Indiana,,2021/1/30,9.02
Indiana,,2021/1/31,9.02
Indiana,,2021/2/1,9.02
Indiana,,2021/2/2,9.1
Indiana,,2021/2/3,9.47
Indiana,,2021/2/4,9.97
Indiana,,2021/2/5,10.56
Indiana,,2021/2/6,11.14
Indiana,,2021/2/7,11.14
Indiana,,2021/2/8,11.14
Indiana,,2021/2/9,11.3
Indiana,,2021/2/10,11.82
Indiana,,2021/2/11,12.36
Iowa,,2021/1/12,3.13
Iowa,,2021/1/13,3.55
Iowa,,2021/1/14,3.55
Iowa,,2021/1/15,3.84
Iowa,,2021/1/19,4.59
Iowa,,2021/1/20,4.75
Iowa,,2021/1/21,5.03
Iowa,,2021/1/22,5.41
Iowa,,2021/1/23,5.71
Iowa,,2021/1/24,6.06
Iowa,,2021/1/25,6.22
Iowa,,2021/1/26,6.28
Iowa,,2021/1/27,6.47
Iowa,,2021/1/28,6.74
Iowa,,2021/1/29,7.11
Iowa,,2021/1/30,7.54
Iowa,,2021/1/31,7.99
Iowa,,2021/2/1,8.16
Iowa,,2021/2/2,8.23
Iowa,,2021/2/3,8.46
Iowa,,2021/2/4,8.85
Iowa,,2021/2/5,9.3
Iowa,,2021/2/6,9.78
Iowa,,2021/2/7,10.41
Iowa,,2021/2/8,10.95
Iowa,,2021/2/9,11.15
Iowa,,2021/2/10,11.69
Iowa,,2021/2/11,12.28
Kansas,,2021/1/12,2.69
Kansas,,2021/1/13,2.94
Kansas,,2021/1/14,3.14
Kansas,,2021/1/15,3.36
Kansas,,2021/1/19,4.06
Kansas,,2021/1/20,4.21
Kansas,,2021/1/21,4.48
Kansas,,2021/1/22,4.71
Kansas,,2021/1/23,4.97
Kansas,,2021/1/24,5.19
Kansas,,2021/1/25,5.31
Kansas,,2021/1/26,5.45
Kansas,,2021/1/27,5.78
Kansas,,2021/1/28,6.53
Kansas,,2021/1/29,6.54
Kansas,,2021/1/30,7.09
Kansas,,2021/1/31,7.6
Kansas,,2021/2/1,7.79
Kansas,,2021/2/2,7.94
Kansas,,2021/2/3,8.28
Kansas,,2021/2/4,8.63
Kansas,,2021/2/5,9.05
Kansas,,2021/2/6,9.62
Kansas,,2021/2/7,10.17
Kansas,,2021/2/8,10.4
Kansas,,2021/2/9,10.49
Kansas,,2021/2/10,10.97
Kansas,,2021/2/11,11.43
Kentucky,,2021/1/12,2.96
Kentucky,,2021/1/13,3.19
Kentucky,,2021/1/14,3.48
Kentucky,,2021/1/15,3.91
Kentucky,,2021/1/19,4.84
Kentucky,,2021/1/20,5.01
Kentucky,,2021/1/21,5.26
Kentucky,,2021/1/22,5.69
Kentucky,,2021/1/23,6.06
Kentucky,,2021/1/24,6.7
Kentucky,,2021/1/25,6.88
Kentucky,,2021/1/26,6.99
Kentucky,,2021/1/27,7.24
Kentucky,,2021/1/28,7.66
Kentucky,,2021/1/29,8.21
Kentucky,,2021/1/30,8.64
Kentucky,,2021/1/31,9.06
Kentucky,,2021/2/1,9.3
Kentucky,,2021/2/2,9.39
Kentucky,,2021/2/3,9.75
Kentucky,,2021/2/4,10.2
Kentucky,,2021/2/5,10.83
Kentucky,,2021/2/6,11.58
Kentucky,,2021/2/7,12.27
Kentucky,,2021/2/8,12.64
Kentucky,,2021/2/9,12.73
Kentucky,,2021/2/10,13.09
Kentucky,,2021/2/11,13.61
Louisiana,,2021/1/12,3.07
Louisiana,,2021/1/13,3.36
Louisiana,,2021/1/14,3.78
Louisiana,,2021/1/15,4.26
Louisiana,,2021/1/19,5.5
Louisiana,,2021/1/20,5.69
Louisiana,,2021/1/21,6.01
Louisiana,,2021/1/22,6.4
Louisiana,,2021/1/23,6.78
Louisiana,,2021/1/24,7.19
Louisiana,,2021/1/25,7.34
Louisiana,,2021/1/26,7.44
Louisiana,,2021/1/27,7.72
Louisiana,,2021/1/28,8.09
Louisiana,,2021/1/29,8.57
Louisiana,,2021/1/30,9.05
Louisiana,,2021/1/31,9.54
Louisiana,,2021/2/1,9.96
Louisiana,,2021/2/2,10.24
Louisiana,,2021/2/3,10.52
Louisiana,,2021/2/4,10.97
Louisiana,,2021/2/5,11.54
Louisiana,,2021/2/6,12.28
Louisiana,,2021/2/7,12.9
Louisiana,,2021/2/8,13.21
Louisiana,,2021/2/9,13.33
Louisiana,,2021/2/10,13.75
Louisiana,,2021/2/11,13.75
Maine,,2021/1/12,4.09
Maine,,2021/1/13,4.26
Maine,,2021/1/14,4.55
Maine,,2021/1/15,4.55
Maine,,2021/1/19,5.5
Maine,,2021/1/20,5.67
Maine,,2021/1/21,5.99
Maine,,2021/1/22,6.43
Maine,,2021/1/23,6.92
Maine,,2021/1/24,7.43
Maine,,2021/1/25,7.74
Maine,,2021/1/26,7.81
Maine,,2021/1/27,8.12
Maine,,2021/1/28,8.57
Maine,,2021/1/29,9.17
Maine,,2021/1/30,9.83
Maine,,2021/1/31,10.44
Maine,,2021/2/1,10.84
Maine,,2021/2/2,10.84
Maine,,2021/2/3,10.84
Maine,,2021/2/4,11.42
Maine,,2021/2/5,11.85
Maine,,2021/2/6,12.54
Maine,,2021/2/7,13.28
Maine,,2021/2/8,13.28
Maine,,2021/2/9,13.95
Maine,,2021/2/10,14.38
Maine,,2021/2/11,14.38
Marshall Islands,MHL,2021/1/12,1.09
Marshall Islands,MHL,2021/1/13,1.11
Marshall Islands,MHL,2021/1/14,1.11
Marshall Islands,MHL,2021/1/15,1.13
Marshall Islands,MHL,2021/1/19,2.2
Marshall Islands,MHL,2021/1/20,2.59
Marshall Islands,MHL,2021/1/21,3.41
Marshall Islands,MHL,2021/1/22,4.17
Marshall Islands,MHL,2021/1/23,4.92
Marshall Islands,MHL,2021/1/24,5.3
Marshall Islands,MHL,2021/1/25,5.3
Marshall Islands,MHL,2021/1/26,5.62
Marshall Islands,MHL,2021/1/27,6.06
Marshall Islands,MHL,2021/1/28,6.43
Marshall Islands,MHL,2021/1/29,6.72
Marshall Islands,MHL,2021/1/30,6.83
Marshall Islands,MHL,2021/1/31,7.06
Marshall Islands,MHL,2021/2/1,7.06
Marshall Islands,MHL,2021/2/2,7.29
Marshall Islands,MHL,2021/2/3,7.29
Marshall Islands,MHL,2021/2/4,7.57
Marshall Islands,MHL,2021/2/5,7.79
Marshall Islands,MHL,2021/2/6,8.12
Marshall Islands,MHL,2021/2/7,8.4
Marshall Islands,MHL,2021/2/8,8.4
Marshall Islands,MHL,2021/2/9,8.81
Marshall Islands,MHL,2021/2/10,9.01
Marshall Islands,MHL,2021/2/11,9.3
Maryland,,2021/1/12,2.42
Maryland,,2021/1/13,2.94
Maryland,,2021/1/14,2.94
Maryland,,2021/1/15,3.22
Maryland,,2021/1/19,4.1
Maryland,,2021/1/20,4.27
Maryland,,2021/1/21,4.5
Maryland,,2021/1/22,4.76
Maryland,,2021/1/23,5.08
Maryland,,2021/1/24,5.6
Maryland,,2021/1/25,5.8
Maryland,,2021/1/26,6.05
Maryland,,2021/1/27,6.44
Maryland,,2021/1/28,6.82
Maryland,,2021/1/29,7.32
Maryland,,2021/1/30,7.87
Maryland,,2021/1/31,8.36
Maryland,,2021/2/1,8.74
Maryland,,2021/2/2,8.88
Maryland,,2021/2/3,9.04
Maryland,,2021/2/4,9.36
Maryland,,2021/2/5,9.84
Maryland,,2021/2/6,10.37
Maryland,,2021/2/7,11
Maryland,,2021/2/8,11.3
Maryland,,2021/2/9,11.46
Maryland,,2021/2/10,11.93
Maryland,,2021/2/11,12.33
Massachusetts,,2021/1/12,2.96
Massachusetts,,2021/1/13,3.16
Massachusetts,,2021/1/14,3.39
Massachusetts,,2021/1/15,3.73
Massachusetts,,2021/1/19,4.63
Massachusetts,,2021/1/20,4.8
Massachusetts,,2021/1/21,5.12
Massachusetts,,2021/1/22,5.38
Massachusetts,,2021/1/23,5.7
Massachusetts,,2021/1/24,6.09
Massachusetts,,2021/1/25,6.29
Massachusetts,,2021/1/26,6.42
Massachusetts,,2021/1/27,6.74
Massachusetts,,2021/1/28,7.11
Massachusetts,,2021/1/29,7.55
Massachusetts,,2021/1/30,7.94
Massachusetts,,2021/1/31,8.4
Massachusetts,,2021/2/1,8.83
Massachusetts,,2021/2/2,9.07
Massachusetts,,2021/2/3,9.07
Massachusetts,,2021/2/4,9.47
Massachusetts,,2021/2/5,9.94
Massachusetts,,2021/2/6,10.55
Massachusetts,,2021/2/7,11.32
Massachusetts,,2021/2/8,11.7
Massachusetts,,2021/2/9,12.08
Massachusetts,,2021/2/10,12.82
Massachusetts,,2021/2/11,13.42
Michigan,,2021/1/12,2.28
Michigan,,2021/1/13,2.92
Michigan,,2021/1/14,3.28
Michigan,,2021/1/15,3.65
Michigan,,2021/1/19,4.84
Michigan,,2021/1/20,5.09
Michigan,,2021/1/21,5.5
Michigan,,2021/1/22,5.96
Michigan,,2021/1/23,6.54
Michigan,,2021/1/24,6.96
Michigan,,2021/1/25,7.28
Michigan,,2021/1/26,7.43
Michigan,,2021/1/27,7.73
Michigan,,2021/1/28,8.15
Michigan,,2021/1/29,8.68
Michigan,,2021/1/30,9.24
Michigan,,2021/1/31,9.78
Michigan,,2021/2/1,10.07
Michigan,,2021/2/2,10.17
Michigan,,2021/2/3,10.44
Michigan,,2021/2/4,10.8
Michigan,,2021/2/5,11.36
Michigan,,2021/2/6,11.95
Michigan,,2021/2/7,12.54
Michigan,,2021/2/8,12.84
Michigan,,2021/2/9,13.12
Michigan,,2021/2/10,13.61
Michigan,,2021/2/11,14.14
Minnesota,,2021/1/12,2.88
Minnesota,,2021/1/13,2.93
Minnesota,,2021/1/14,3.19
Minnesota,,2021/1/15,3.52
Minnesota,,2021/1/19,4.46
Minnesota,,2021/1/20,4.48
Minnesota,,2021/1/21,4.6
Minnesota,,2021/1/22,4.93
Minnesota,,2021/1/23,5.41
Minnesota,,2021/1/24,5.7
Minnesota,,2021/1/25,6.15
Minnesota,,2021/1/26,6.39
Minnesota,,2021/1/27,6.66
Minnesota,,2021/1/28,7.16
Minnesota,,2021/1/29,7.81
Minnesota,,2021/1/30,8.62
Minnesota,,2021/1/31,9.2
Minnesota,,2021/2/1,9.69
Minnesota,,2021/2/2,9.8
Minnesota,,2021/2/3,9.8
Minnesota,,2021/2/4,11.25
Minnesota,,2021/2/5,11.25
Minnesota,,2021/2/6,12.47
Minnesota,,2021/2/7,12.93
Minnesota,,2021/2/8,13.22
Minnesota,,2021/2/9,13.22
Minnesota,,2021/2/10,13.22
Minnesota,,2021/2/11,13.37
Mississippi,,2021/1/12,1.83
Mississippi,,2021/1/13,2.06
Mississippi,,2021/1/14,2.41
Mississippi,,2021/1/15,2.83
Mississippi,,2021/1/19,3.82
Mississippi,,2021/1/20,4.12
Mississippi,,2021/1/21,4.59
Mississippi,,2021/1/22,5.06
Mississippi,,2021/1/23,5.06
Mississippi,,2021/1/24,5.97
Mississippi,,2021/1/25,6.08
Mississippi,,2021/1/26,6.12
Mississippi,,2021/1/27,6.39
Mississippi,,2021/1/28,6.76
Mississippi,,2021/1/29,7.15
Mississippi,,2021/1/30,7.48
Mississippi,,2021/1/31,7.94
Mississippi,,2021/2/1,8.03
Mississippi,,2021/2/2,8.07
Mississippi,,2021/2/3,8.43
Mississippi,,2021/2/4,8.43
Mississippi,,2021/2/5,9.27
Mississippi,,2021/2/6,10.1
Mississippi,,2021/2/7,10.79
Mississippi,,2021/2/8,11
Mississippi,,2021/2/9,11.06
Mississippi,,2021/2/10,11.61
Mississippi,,2021/2/11,12.28
Missouri,,2021/1/12,2.64
Missouri,,2021/1/13,2.64
Missouri,,2021/1/14,2.86
Missouri,,2021/1/15,3.1
Missouri,,2021/1/19,3.85
Missouri,,2021/1/20,3.98
Missouri,,2021/1/21,4.32
Missouri,,2021/1/22,4.66
Missouri,,2021/1/23,4.75
Missouri,,2021/1/24,5.18
Missouri,,2021/1/25,5.47
Missouri,,2021/1/26,5.54
Missouri,,2021/1/27,5.84
Missouri,,2021/1/28,6.23
Missouri,,2021/1/29,6.65
Missouri,,2021/1/30,6.65
Missouri,,2021/1/31,7.24
Missouri,,2021/2/1,7.53
Missouri,,2021/2/2,7.6
Missouri,,2021/2/3,7.86
Missouri,,2021/2/4,8.23
Missouri,,2021/2/5,8.74
Missouri,,2021/2/6,9.52
Missouri,,2021/2/7,10.19
Missouri,,2021/2/8,10.48
Missouri,,2021/2/9,10.54
Missouri,,2021/2/10,10.91
Missouri,,2021/2/11,11.32
Montana,,2021/1/12,3.94
Montana,,2021/1/13,4.12
Montana,,2021/1/14,4.36
Montana,,2021/1/15,4.62
Montana,,2021/1/19,5.23
Montana,,2021/1/20,5.35
Montana,,2021/1/21,5.65
Montana,,2021/1/22,6.21
Montana,,2021/1/23,6.79
Montana,,2021/1/24,7.17
Montana,,2021/1/25,7.24
Montana,,2021/1/26,7.27
Montana,,2021/1/27,7.6
Montana,,2021/1/28,8.07
Montana,,2021/1/29,8.66
Montana,,2021/1/30,9.29
Montana,,2021/1/31,9.78
Montana,,2021/2/1,9.93
Montana,,2021/2/2,10.04
Montana,,2021/2/3,10.33
Montana,,2021/2/4,10.87
Montana,,2021/2/5,11.46
Montana,,2021/2/6,12.25
Montana,,2021/2/7,12.89
Montana,,2021/2/8,13.03
Montana,,2021/2/9,13.11
Montana,,2021/2/10,13.5
Montana,,2021/2/11,13.97
Nebraska,,2021/1/12,3.85
Nebraska,,2021/1/13,4.12
Nebraska,,2021/1/14,4.39
Nebraska,,2021/1/15,4.71
Nebraska,,2021/1/19,5.36
Nebraska,,2021/1/20,5.49
Nebraska,,2021/1/21,5.78
Nebraska,,2021/1/22,6.12
Nebraska,,2021/1/23,6.41
Nebraska,,2021/1/24,6.87
Nebraska,,2021/1/25,6.93
Nebraska,,2021/1/26,6.99
Nebraska,,2021/1/27,7.22
Nebraska,,2021/1/28,7.75
Nebraska,,2021/1/29,8.19
Nebraska,,2021/1/30,8.65
Nebraska,,2021/1/31,9.19
Nebraska,,2021/2/1,9.35
Nebraska,,2021/2/2,9.43
Nebraska,,2021/2/3,9.73
Nebraska,,2021/2/4,10.09
Nebraska,,2021/2/5,10.55
Nebraska,,2021/2/6,11.29
Nebraska,,2021/2/7,11.94
Nebraska,,2021/2/8,12.1
Nebraska,,2021/2/9,12.16
Nebraska,,2021/2/10,12.46
Nebraska,,2021/2/11,12.81
Nevada,,2021/1/12,2
Nevada,,2021/1/13,2
Nevada,,2021/1/14,2.5
Nevada,,2021/1/15,2.72
Nevada,,2021/1/19,3.34
Nevada,,2021/1/20,3.48
Nevada,,2021/1/21,3.77
Nevada,,2021/1/22,4.11
Nevada,,2021/1/23,4.45
Nevada,,2021/1/24,4.94
Nevada,,2021/1/25,5.19
Nevada,,2021/1/26,5.34
Nevada,,2021/1/27,5.66
Nevada,,2021/1/28,6.33
Nevada,,2021/1/29,6.82
Nevada,,2021/1/30,7.28
Nevada,,2021/1/31,7.83
Nevada,,2021/2/1,8.08
Nevada,,2021/2/2,8.22
Nevada,,2021/2/3,9.07
Nevada,,2021/2/4,9.47
Nevada,,2021/2/5,9.88
Nevada,,2021/2/6,10.46
Nevada,,2021/2/7,10.85
Nevada,,2021/2/8,11.26
Nevada,,2021/2/9,11.41
Nevada,,2021/2/10,11.89
Nevada,,2021/2/11,12.31
New Hampshire,,2021/1/12,3.72
New Hampshire,,2021/1/13,4.06
New Hampshire,,2021/1/14,4.32
New Hampshire,,2021/1/15,4.6
New Hampshire,,2021/1/19,5.26
New Hampshire,,2021/1/20,5.55
New Hampshire,,2021/1/21,5.93
New Hampshire,,2021/1/22,6.3
New Hampshire,,2021/1/23,6.61
New Hampshire,,2021/1/24,6.86
New Hampshire,,2021/1/25,6.96
New Hampshire,,2021/1/26,7.13
New Hampshire,,2021/1/27,7.58
New Hampshire,,2021/1/28,8.12
New Hampshire,,2021/1/29,8.64
New Hampshire,,2021/1/30,9.1
New Hampshire,,2021/1/31,9.44
New Hampshire,,2021/2/1,9.6
New Hampshire,,2021/2/2,9.99
New Hampshire,,2021/2/3,10.17
New Hampshire,,2021/2/4,10.67
New Hampshire,,2021/2/5,11.26
New Hampshire,,2021/2/6,11.85
New Hampshire,,2021/2/7,12.2
New Hampshire,,2021/2/8,12.25
New Hampshire,,2021/2/9,12.41
New Hampshire,,2021/2/10,12.96
New Hampshire,,2021/2/11,13.54
New Jersey,,2021/1/12,2.49
New Jersey,,2021/1/13,2.96
New Jersey,,2021/1/14,2.97
New Jersey,,2021/1/15,3.57
New Jersey,,2021/1/19,4.5
New Jersey,,2021/1/20,4.87
New Jersey,,2021/1/21,4.87
New Jersey,,2021/1/22,5.23
New Jersey,,2021/1/23,5.64
New Jersey,,2021/1/24,6.03
New Jersey,,2021/1/25,6.34
New Jersey,,2021/1/26,6.48
New Jersey,,2021/1/27,6.89
New Jersey,,2021/1/28,7.3
New Jersey,,2021/1/29,8.19
New Jersey,,2021/1/30,8.66
New Jersey,,2021/1/31,8.96
New Jersey,,2021/2/1,9.12
New Jersey,,2021/2/2,9.42
New Jersey,,2021/2/3,9.59
New Jersey,,2021/2/4,9.59
New Jersey,,2021/2/5,9.96
New Jersey,,2021/2/6,11.72
New Jersey,,2021/2/7,12.1
New Jersey,,2021/2/8,12.33
New Jersey,,2021/2/9,12.35
New Jersey,,2021/2/10,12.93
New Jersey,,2021/2/11,13.47
New Mexico,,2021/1/12,3.73
New Mexico,,2021/1/13,3.9
New Mexico,,2021/1/14,4.26
New Mexico,,2021/1/15,4.74
New Mexico,,2021/1/19,6.59
New Mexico,,2021/1/20,6.83
New Mexico,,2021/1/21,7.27
New Mexico,,2021/1/22,7.73
New Mexico,,2021/1/23,8.81
New Mexico,,2021/1/24,9.54
New Mexico,,2021/1/25,9.76
New Mexico,,2021/1/26,10.02
New Mexico,,2021/1/27,10.35
New Mexico,,2021/1/28,10.72
New Mexico,,2021/1/29,11.39
New Mexico,,2021/1/30,11.84
New Mexico,,2021/1/31,12.6
New Mexico,,2021/2/1,13.13
New Mexico,,2021/2/2,13.24
New Mexico,,2021/2/3,13.58
New Mexico,,2021/2/4,14.05
New Mexico,,2021/2/5,14.64
New Mexico,,2021/2/6,15.39
New Mexico,,2021/2/7,15.82
New Mexico,,2021/2/8,16.35
New Mexico,,2021/2/9,16.5
New Mexico,,2021/2/10,16.91
New Mexico,,2021/2/11,17.64
New York,,2021/1/12,2.98
New York,,2021/1/13,3.25
New York,,2021/1/14,3.54
New York,,2021/1/15,3.89
New York,,2021/1/19,5.14
New York,,2021/1/20,5.38
New York,,2021/1/21,5.74
New York,,2021/1/22,6.19
New York,,2021/1/23,6.59
New York,,2021/1/24,7.02
New York,,2021/1/25,7.29
New York,,2021/1/26,7.47
New York,,2021/1/27,7.81
New York,,2021/1/28,8.38
New York,,2021/1/29,8.76
New York,,2021/1/30,9.21
New York,,2021/1/31,9.64
New York,,2021/2/1,9.91
New York,,2021/2/2,10.11
New York,,2021/2/3,10.3
New York,,2021/2/4,10.59
New York,,2021/2/5,10.96
New York,,2021/2/6,11.44
New York,,2021/2/7,12.01
New York,,2021/2/8,12.43
New York,,2021/2/9,12.55
New York,,2021/2/10,13.04
New York,,2021/2/11,13.47
North Carolina,,2021/1/12,2.02
North Carolina,,2021/1/13,2.54
North Carolina,,2021/1/14,2.56
North Carolina,,2021/1/15,2.89
North Carolina,,2021/1/19,3.82
North Carolina,,2021/1/20,4.08
North Carolina,,2021/1/21,4.51
North Carolina,,2021/1/22,5
North Carolina,,2021/1/23,5.5
North Carolina,,2021/1/24,6.07
North Carolina,,2021/1/25,6.45
North Carolina,,2021/1/26,6.67
North Carolina,,2021/1/27,6.83
North Carolina,,2021/1/28,8.1
North Carolina,,2021/1/29,8.12
North Carolina,,2021/1/30,8.57
North Carolina,,2021/1/31,9.07
North Carolina,,2021/2/1,9.3
North Carolina,,2021/2/2,9.31
North Carolina,,2021/2/3,9.79
North Carolina,,2021/2/4,10.14
North Carolina,,2021/2/5,10.58
North Carolina,,2021/2/6,11.17
North Carolina,,2021/2/7,11.85
North Carolina,,2021/2/8,12.15
North Carolina,,2021/2/9,12.28
North Carolina,,2021/2/10,12.74
North Carolina,,2021/2/11,13.18
North Dakota,,2021/1/12,5.18
North Dakota,,2021/1/13,5.34
North Dakota,,2021/1/14,5.61
North Dakota,,2021/1/15,6.09
North Dakota,,2021/1/19,7.43
North Dakota,,2021/1/20,7.57
North Dakota,,2021/1/21,7.77
North Dakota,,2021/1/22,8.41
North Dakota,,2021/1/23,9.05
North Dakota,,2021/1/24,9.6
North Dakota,,2021/1/25,9.87
North Dakota,,2021/1/26,9.9
North Dakota,,2021/1/27,10.13
North Dakota,,2021/1/28,10.5
North Dakota,,2021/1/29,11.31
North Dakota,,2021/1/30,12.02
North Dakota,,2021/1/31,12.85
North Dakota,,2021/2/1,13.05
North Dakota,,2021/2/2,13.12
North Dakota,,2021/2/3,13.59
North Dakota,,2021/2/4,14.03
North Dakota,,2021/2/5,14.8
North Dakota,,2021/2/6,15.84
North Dakota,,2021/2/7,16.64
North Dakota,,2021/2/8,17.03
North Dakota,,2021/2/9,17.03
North Dakota,,2021/2/10,17.06
North Dakota,,2021/2/11,17.53
Northern Mariana Islands,MNP,2021/1/12,6.54
Northern Mariana Islands,MNP,2021/1/13,7.28
Northern Mariana Islands,MNP,2021/1/14,8.08
Northern Mariana Islands,MNP,2021/1/15,8.63
Northern Mariana Islands,MNP,2021/1/19,11.2
Northern Mariana Islands,MNP,2021/1/20,11.94
Northern Mariana Islands,MNP,2021/1/21,12.85
Northern Mariana Islands,MNP,2021/1/22,13.57
Northern Mariana Islands,MNP,2021/1/23,14.13
Northern Mariana Islands,MNP,2021/1/24,14.75
Northern Mariana Islands,MNP,2021/1/25,14.93
Northern Mariana Islands,MNP,2021/1/26,15.36
Northern Mariana Islands,MNP,2021/1/27,15.87
Northern Mariana Islands,MNP,2021/1/28,16.26
Northern Mariana Islands,MNP,2021/1/29,16.79
Northern Mariana Islands,MNP,2021/1/30,17.11
Northern Mariana Islands,MNP,2021/1/31,17.67
Northern Mariana Islands,MNP,2021/2/1,17.84
Northern Mariana Islands,MNP,2021/2/2,18.3
Northern Mariana Islands,MNP,2021/2/3,18.73
Northern Mariana Islands,MNP,2021/2/4,19.28
Northern Mariana Islands,MNP,2021/2/5,19.92
Northern Mariana Islands,MNP,2021/2/6,20.56
Northern Mariana Islands,MNP,2021/2/7,20.9
Northern Mariana Islands,MNP,2021/2/8,20.95
Northern Mariana Islands,MNP,2021/2/9,21.56
Northern Mariana Islands,MNP,2021/2/10,22.03
Northern Mariana Islands,MNP,2021/2/11,22.38
Ohio,,2021/1/12,2.67
Ohio,,2021/1/13,2.82
Ohio,,2021/1/14,2.98
Ohio,,2021/1/15,3.21
Ohio,,2021/1/19,4.04
Ohio,,2021/1/20,4.17
Ohio,,2021/1/21,4.17
Ohio,,2021/1/22,4.67
Ohio,,2021/1/23,5.09
Ohio,,2021/1/24,5.54
Ohio,,2021/1/25,5.86
Ohio,,2021/1/26,6.06
Ohio,,2021/1/27,6.38
Ohio,,2021/1/28,6.76
Ohio,,2021/1/29,7.21
Ohio,,2021/1/30,7.79
Ohio,,2021/1/31,8.16
Ohio,,2021/2/1,8.6
Ohio,,2021/2/2,8.94
Ohio,,2021/2/3,9.28
Ohio,,2021/2/4,9.65
Ohio,,2021/2/5,10.07
Ohio,,2021/2/6,10.63
Ohio,,2021/2/7,11.07
Ohio,,2021/2/8,11.52
Ohio,,2021/2/9,11.75
Ohio,,2021/2/10,12.03
Ohio,,2021/2/11,12.48
Oklahoma,,2021/1/12,3.99
Oklahoma,,2021/1/13,4.36
Oklahoma,,2021/1/14,4.73
Oklahoma,,2021/1/15,5.14
Oklahoma,,2021/1/19,6.12
Oklahoma,,2021/1/20,6.36
Oklahoma,,2021/1/21,6.76
Oklahoma,,2021/1/22,7.27
Oklahoma,,2021/1/23,7.7
Oklahoma,,2021/1/24,8.16
Oklahoma,,2021/1/25,8.25
Oklahoma,,2021/1/26,8.31
Oklahoma,,2021/1/27,8.72
Oklahoma,,2021/1/28,9.18
Oklahoma,,2021/1/29,9.77
Oklahoma,,2021/1/30,10.37
Oklahoma,,2021/1/31,11.07
Oklahoma,,2021/2/1,11.21
Oklahoma,,2021/2/2,11.26
Oklahoma,,2021/2/3,11.69
Oklahoma,,2021/2/4,12.24
Oklahoma,,2021/2/5,12.91
Oklahoma,,2021/2/6,13.68
Oklahoma,,2021/2/7,14.5
Oklahoma,,2021/2/8,14.81
Oklahoma,,2021/2/9,14.86
Oklahoma,,2021/2/10,15.32
Oklahoma,,2021/2/11,15.88
Oregon,,2021/1/12,2.48
Oregon,,2021/1/13,2.73
Oregon,,2021/1/14,3.08
Oregon,,2021/1/15,3.46
Oregon,,2021/1/19,5.14
Oregon,,2021/1/20,5.14
Oregon,,2021/1/21,5.14
Oregon,,2021/1/22,6.02
Oregon,,2021/1/23,6.41
Oregon,,2021/1/24,6.78
Oregon,,2021/1/25,7.13
Oregon,,2021/1/26,7.3
Oregon,,2021/1/27,7.72
Oregon,,2021/1/28,8.07
Oregon,,2021/1/29,8.52
Oregon,,2021/1/30,9.07
Oregon,,2021/1/31,9.67
Oregon,,2021/2/1,10.04
Oregon,,2021/2/2,10.39
Oregon,,2021/2/3,10.77
Oregon,,2021/2/4,11.19
Oregon,,2021/2/5,11.55
Oregon,,2021/2/6,12.09
Oregon,,2021/2/7,12.63
Oregon,,2021/2/8,13.15
Oregon,,2021/2/9,13.58
Oregon,,2021/2/10,13.97
Oregon,,2021/2/11,13.97
Pennsylvania,,2021/1/12,2.67
Pennsylvania,,2021/1/13,2.97
Pennsylvania,,2021/1/14,3.21
Pennsylvania,,2021/1/15,3.5
Pennsylvania,,2021/1/19,4.25
Pennsylvania,,2021/1/20,4.44
Pennsylvania,,2021/1/21,4.73
Pennsylvania,,2021/1/22,5.1
Pennsylvania,,2021/1/23,5.44
Pennsylvania,,2021/1/24,5.82
Pennsylvania,,2021/1/25,6.07
Pennsylvania,,2021/1/26,6.25
Pennsylvania,,2021/1/27,6.65
Pennsylvania,,2021/1/28,6.69
Pennsylvania,,2021/1/29,7.6
Pennsylvania,,2021/1/30,8.06
Pennsylvania,,2021/1/31,8.5
Pennsylvania,,2021/2/1,8.86
Pennsylvania,,2021/2/2,9.03
Pennsylvania,,2021/2/3,9.05
Pennsylvania,,2021/2/4,9.52
Pennsylvania,,2021/2/5,9.93
Pennsylvania,,2021/2/6,10.46
Pennsylvania,,2021/2/7,11
Pennsylvania,,2021/2/8,11.26
Pennsylvania,,2021/2/9,11.55
Pennsylvania,,2021/2/10,12.01
Pennsylvania,,2021/2/11,12.46
Puerto Rico,PRI,2021/1/12,2.34
Puerto Rico,PRI,2021/1/13,2.64
Puerto Rico,PRI,2021/1/14,2.97
Puerto Rico,PRI,2021/1/15,3.26
Puerto Rico,PRI,2021/1/19,4.06
Puerto Rico,PRI,2021/1/20,4.28
Puerto Rico,PRI,2021/1/21,4.63
Puerto Rico,PRI,2021/1/22,5.06
Puerto Rico,PRI,2021/1/23,5.42
Puerto Rico,PRI,2021/1/24,5.77
Puerto Rico,PRI,2021/1/25,5.88
Puerto Rico,PRI,2021/1/26,5.91
Puerto Rico,PRI,2021/1/27,6.25
Puerto Rico,PRI,2021/1/28,6.64
Puerto Rico,PRI,2021/1/29,7.02
Puerto Rico,PRI,2021/1/30,7.39
Puerto Rico,PRI,2021/1/31,7.81
Puerto Rico,PRI,2021/2/1,7.94
Puerto Rico,PRI,2021/2/2,7.94
Puerto Rico,PRI,2021/2/3,8.35
Puerto Rico,PRI,2021/2/4,8.72
Puerto Rico,PRI,2021/2/5,9.02
Puerto Rico,PRI,2021/2/6,9.38
Puerto Rico,PRI,2021/2/7,9.38
Puerto Rico,PRI,2021/2/8,9.38
Puerto Rico,PRI,2021/2/9,9.83
Puerto Rico,PRI,2021/2/10,10.16
Puerto Rico,PRI,2021/2/11,10.55
Republic of Palau,,2021/1/12,2.32
Republic of Palau,,2021/1/13,4.05
Republic of Palau,,2021/1/14,4.28
Republic of Palau,,2021/1/15,6.25
Republic of Palau,,2021/1/19,10.69
Republic of Palau,,2021/1/20,11.06
Republic of Palau,,2021/1/21,13.43
Republic of Palau,,2021/1/22,13.43
Republic of Palau,,2021/1/23,14.99
Republic of Palau,,2021/1/24,17.01
Republic of Palau,,2021/1/25,17.01
Republic of Palau,,2021/1/26,17.01
Republic of Palau,,2021/1/27,17.01
Republic of Palau,,2021/1/28,17.13
Republic of Palau,,2021/1/29,17.25
Republic of Palau,,2021/1/30,17.37
Republic of Palau,,2021/1/31,17.37
Republic of Palau,,2021/2/1,17.37
Republic of Palau,,2021/2/2,17.71
Republic of Palau,,2021/2/3,18.03
Republic of Palau,,2021/2/4,18.03
Republic of Palau,,2021/2/5,18.76
Republic of Palau,,2021/2/6,18.76
Republic of Palau,,2021/2/7,19.36
Republic of Palau,,2021/2/8,19.36
Republic of Palau,,2021/2/9,19.37
Republic of Palau,,2021/2/10,19.7
Republic of Palau,,2021/2/11,21.39
Rhode Island,,2021/1/12,3.74
Rhode Island,,2021/1/13,3.97
Rhode Island,,2021/1/14,4.24
Rhode Island,,2021/1/15,4.49
Rhode Island,,2021/1/19,5.1
Rhode Island,,2021/1/20,5.34
Rhode Island,,2021/1/21,5.57
Rhode Island,,2021/1/22,5.85
Rhode Island,,2021/1/23,5.97
Rhode Island,,2021/1/24,6.38
Rhode Island,,2021/1/25,6.65
Rhode Island,,2021/1/26,6.82
Rhode Island,,2021/1/27,7.2
Rhode Island,,2021/1/28,7.56
Rhode Island,,2021/1/29,7.89
Rhode Island,,2021/1/30,8.32
Rhode Island,,2021/1/31,8.61
Rhode Island,,2021/2/1,8.9
Rhode Island,,2021/2/2,9.4
Rhode Island,,2021/2/3,9.58
Rhode Island,,2021/2/4,9.81
Rhode Island,,2021/2/5,10.1
Rhode Island,,2021/2/6,10.56
Rhode Island,,2021/2/7,11.05
Rhode Island,,2021/2/8,11.37
Rhode Island,,2021/2/9,11.52
Rhode Island,,2021/2/10,11.8
Rhode Island,,2021/2/11,12.08
South Carolina,,2021/1/12,1.58
South Carolina,,2021/1/13,1.94
South Carolina,,2021/1/14,2.25
South Carolina,,2021/1/15,2.37
South Carolina,,2021/1/19,3.64
South Carolina,,2021/1/20,3.74
South Carolina,,2021/1/21,4.07
South Carolina,,2021/1/22,4.45
South Carolina,,2021/1/23,4.84
South Carolina,,2021/1/24,5.42
South Carolina,,2021/1/25,5.97
South Carolina,,2021/1/26,6.16
South Carolina,,2021/1/27,6.35
South Carolina,,2021/1/28,6.99
South Carolina,,2021/1/29,7.48
South Carolina,,2021/1/30,7.92
South Carolina,,2021/1/31,8.54
South Carolina,,2021/2/1,8.99
South Carolina,,2021/2/2,9.14
South Carolina,,2021/2/3,9.31
South Carolina,,2021/2/4,9.66
South Carolina,,2021/2/5,10.08
South Carolina,,2021/2/6,10.54
South Carolina,,2021/2/7,11.05
South Carolina,,2021/2/8,11.38
South Carolina,,2021/2/9,11.38
South Carolina,,2021/2/10,11.81
South Carolina,,2021/2/11,12.21
South Dakota,,2021/1/12,5.5
South Dakota,,2021/1/13,5.73
South Dakota,,2021/1/14,6.14
South Dakota,,2021/1/15,6.46
South Dakota,,2021/1/19,6.91
South Dakota,,2021/1/20,7.07
South Dakota,,2021/1/21,7.39
South Dakota,,2021/1/22,7.98
South Dakota,,2021/1/23,8.73
South Dakota,,2021/1/24,9.09
South Dakota,,2021/1/25,9.33
South Dakota,,2021/1/26,9.36
South Dakota,,2021/1/27,9.83
South Dakota,,2021/1/28,10.37
South Dakota,,2021/1/29,10.99
South Dakota,,2021/1/30,11.63
South Dakota,,2021/1/31,11.98
South Dakota,,2021/2/1,12.17
South Dakota,,2021/2/2,12.21
South Dakota,,2021/2/3,12.54
South Dakota,,2021/2/4,13.08
South Dakota,,2021/2/5,13.74
South Dakota,,2021/2/6,14.42
South Dakota,,2021/2/7,14.86
South Dakota,,2021/2/8,15.04
South Dakota,,2021/2/9,15.06
South Dakota,,2021/2/10,15.42
South Dakota,,2021/2/11,16.02
Tennessee,,2021/1/12,3.68
Tennessee,,2021/1/13,3.88
Tennessee,,2021/1/14,3.88
Tennessee,,2021/1/15,4.44
Tennessee,,2021/1/19,5.15
Tennessee,,2021/1/20,5.25
Tennessee,,2021/1/21,5.5
Tennessee,,2021/1/22,5.88
Tennessee,,2021/1/23,6.21
Tennessee,,2021/1/24,6.62
Tennessee,,2021/1/25,6.78
Tennessee,,2021/1/26,6.85
Tennessee,,2021/1/27,7.14
Tennessee,,2021/1/28,7.47
Tennessee,,2021/1/29,7.99
Tennessee,,2021/1/30,8.41
Tennessee,,2021/1/31,8.92
Tennessee,,2021/2/1,9.2
Tennessee,,2021/2/2,9.25
Tennessee,,2021/2/3,9.63
Tennessee,,2021/2/4,10.02
Tennessee,,2021/2/5,10.52
Tennessee,,2021/2/6,11.02
Tennessee,,2021/2/7,11.58
Tennessee,,2021/2/8,11.8
Tennessee,,2021/2/9,11.89
Tennessee,,2021/2/10,12.3
Tennessee,,2021/2/11,12.69
Texas,,2021/1/12,3.14
Texas,,2021/1/13,3.37
Texas,,2021/1/14,3.6
Texas,,2021/1/15,4
Texas,,2021/1/19,4.84
Texas,,2021/1/20,5.08
Texas,,2021/1/21,5.33
Texas,,2021/1/22,5.67
Texas,,2021/1/23,5.96
Texas,,2021/1/24,6.08
Texas,,2021/1/25,6.22
Texas,,2021/1/26,6.61
Texas,,2021/1/27,6.81
Texas,,2021/1/28,7.27
Texas,,2021/1/29,7.66
Texas,,2021/1/30,8.07
Texas,,2021/1/31,8.31
Texas,,2021/2/1,8.61
Texas,,2021/2/2,8.61
Texas,,2021/2/3,9.15
Texas,,2021/2/4,9.68
Texas,,2021/2/5,10.11
Texas,,2021/2/6,10.72
Texas,,2021/2/7,11.2
Texas,,2021/2/8,11.46
Texas,,2021/2/9,11.85
Texas,,2021/2/10,12.31
Texas,,2021/2/11,12.79
United States,USA,2020/12/20,0.17
United States,USA,2020/12/21,0.18
United States,USA,2020/12/23,0.3
United States,USA,2020/12/26,0.59
United States,USA,2020/12/28,0.64
United States,USA,2020/12/30,0.84
United States,USA,2021/1/2,1.27
United States,USA,2021/1/4,1.37
United States,USA,2021/1/5,1.46
United States,USA,2021/1/6,1.6
United States,USA,2021/1/7,1.78
United States,USA,2021/1/8,2.01
United States,USA,2021/1/11,2.71
United States,USA,2021/1/12,2.81
United States,USA,2021/1/13,3.1
United States,USA,2021/1/14,3.36
United States,USA,2021/1/15,3.7
United States,USA,2021/1/19,4.73
United States,USA,2021/1/20,4.98
United States,USA,2021/1/21,5.29
United States,USA,2021/1/22,5.76
United States,USA,2021/1/23,6.19
United States,USA,2021/1/24,6.58
United States,USA,2021/1/25,6.85
United States,USA,2021/1/26,7.09
United States,USA,2021/1/27,7.43
United States,USA,2021/1/28,7.89
United States,USA,2021/1/29,8.4
United States,USA,2021/1/30,8.91
United States,USA,2021/1/31,9.37
United States,USA,2021/2/1,9.71
United States,USA,2021/2/2,9.87
United States,USA,2021/2/3,10.2
United States,USA,2021/2/4,10.6
United States,USA,2021/2/5,11.09
United States,USA,2021/2/6,11.76
United States,USA,2021/2/7,12.41
United States,USA,2021/2/8,12.78
United States,USA,2021/2/9,13.01
United States,USA,2021/2/10,13.49
United States,USA,2021/2/11,13.97
Utah,,2021/1/12,2.97
Utah,,2021/1/13,3.24
Utah,,2021/1/14,3.6
Utah,,2021/1/15,4
Utah,,2021/1/19,5.09
Utah,,2021/1/20,5.67
Utah,,2021/1/21,5.91
Utah,,2021/1/22,6.32
Utah,,2021/1/23,6.32
Utah,,2021/1/24,6.32
Utah,,2021/1/25,7.14
Utah,,2021/1/26,7.19
Utah,,2021/1/27,7.48
Utah,,2021/1/28,7.48
Utah,,2021/1/29,8.46
Utah,,2021/1/30,8.94
Utah,,2021/1/31,8.94
Utah,,2021/2/1,10.08
Utah,,2021/2/2,10.13
Utah,,2021/2/3,10.13
Utah,,2021/2/4,11.02
Utah,,2021/2/5,11.74
Utah,,2021/2/6,12.49
Utah,,2021/2/7,12.49
Utah,,2021/2/8,15.8
Utah,,2021/2/9,15.92
Utah,,2021/2/10,15.92
Utah,,2021/2/11,15.92
Vermont,,2021/1/12,4.13
Vermont,,2021/1/13,4.74
Vermont,,2021/1/14,4.74
Vermont,,2021/1/15,5.2
Vermont,,2021/1/19,6.5
Vermont,,2021/1/20,6.54
Vermont,,2021/1/21,6.86
Vermont,,2021/1/22,7.44
Vermont,,2021/1/23,7.92
Vermont,,2021/1/24,8.31
Vermont,,2021/1/25,8.59
Vermont,,2021/1/26,8.72
Vermont,,2021/1/27,8.88
Vermont,,2021/1/28,9.44
Vermont,,2021/1/29,9.89
Vermont,,2021/1/30,10.22
Vermont,,2021/1/31,10.77
Vermont,,2021/2/1,11.61
Vermont,,2021/2/2,11.86
Vermont,,2021/2/3,11.97
Vermont,,2021/2/4,12.37
Vermont,,2021/2/5,12.83
Vermont,,2021/2/6,13.3
Vermont,,2021/2/7,13.97
Vermont,,2021/2/8,14.48
Vermont,,2021/2/9,14.91
Vermont,,2021/2/10,15.04
Vermont,,2021/2/11,15.53
Virgin Islands,,2021/1/12,0.84
Virgin Islands,,2021/1/13,1.14
Virgin Islands,,2021/1/14,1.36
Virgin Islands,,2021/1/15,1.56
Virgin Islands,,2021/1/19,2.04
Virgin Islands,,2021/1/20,2.31
Virgin Islands,,2021/1/21,2.62
Virgin Islands,,2021/1/22,2.93
Virgin Islands,,2021/1/23,3.2
Virgin Islands,,2021/1/24,3.23
Virgin Islands,,2021/1/25,3.25
Virgin Islands,,2021/1/26,3.58
Virgin Islands,,2021/1/27,3.99
Virgin Islands,,2021/1/28,4.41
Virgin Islands,,2021/1/29,5.02
Virgin Islands,,2021/1/30,5.7
Virgin Islands,,2021/1/31,5.74
Virgin Islands,,2021/2/1,5.84
Virgin Islands,,2021/2/2,6.41
Virgin Islands,,2021/2/3,7.06
Virgin Islands,,2021/2/4,7.85
Virgin Islands,,2021/2/5,8.49
Virgin Islands,,2021/2/6,9.04
Virgin Islands,,2021/2/7,9.05
Virgin Islands,,2021/2/8,9.1
Virgin Islands,,2021/2/9,9.61
Virgin Islands,,2021/2/10,10.24
Virgin Islands,,2021/2/11,10.67
Virginia,,2021/1/12,2.23
Virginia,,2021/1/13,2.55
Virginia,,2021/1/14,2.55
Virginia,,2021/1/15,2.86
Virginia,,2021/1/19,3.83
Virginia,,2021/1/20,4.02
Virginia,,2021/1/21,4.24
Virginia,,2021/1/22,4.7
Virginia,,2021/1/23,5.03
Virginia,,2021/1/24,5.29
Virginia,,2021/1/25,5.66
Virginia,,2021/1/26,6.97
Virginia,,2021/1/27,7.37
Virginia,,2021/1/28,7.83
Virginia,,2021/1/29,8.49
Virginia,,2021/1/30,9.21
Virginia,,2021/1/31,9.76
Virginia,,2021/2/1,10.2
Virginia,,2021/2/2,10.56
Virginia,,2021/2/3,10.81
Virginia,,2021/2/4,11.12
Virginia,,2021/2/5,11.64
Virginia,,2021/2/6,12.33
Virginia,,2021/2/7,12.93
Virginia,,2021/2/8,13.3
Virginia,,2021/2/9,13.61
Virginia,,2021/2/10,13.91
Virginia,,2021/2/11,14.33
Washington,,2021/1/12,2.57
Washington,,2021/1/13,2.74
Washington,,2021/1/14,2.96
Washington,,2021/1/15,3.19
Washington,,2021/1/19,4.22
Washington,,2021/1/20,4.55
Washington,,2021/1/21,4.9
Washington,,2021/1/22,5.29
Washington,,2021/1/23,5.74
Washington,,2021/1/24,5.9
Washington,,2021/1/25,6.42
Washington,,2021/1/26,6.67
Washington,,2021/1/27,7.02
Washington,,2021/1/28,7.5
Washington,,2021/1/29,7.97
Washington,,2021/1/30,8.46
Washington,,2021/1/31,8.99
Washington,,2021/2/1,9.46
Washington,,2021/2/2,9.74
Washington,,2021/2/3,10.06
Washington,,2021/2/4,10.47
Washington,,2021/2/5,10.87
Washington,,2021/2/6,11.4
Washington,,2021/2/7,11.89
Washington,,2021/2/8,12.32
Washington,,2021/2/9,12.49
Washington,,2021/2/10,13.25
Washington,,2021/2/11,13.66
West Virginia,,2021/1/12,5.77
West Virginia,,2021/1/13,6.18
West Virginia,,2021/1/14,6.62
West Virginia,,2021/1/15,7.49
West Virginia,,2021/1/19,8.52
West Virginia,,2021/1/20,8.85
West Virginia,,2021/1/21,9.35
West Virginia,,2021/1/22,10.09
West Virginia,,2021/1/23,10.87
West Virginia,,2021/1/24,11.32
West Virginia,,2021/1/25,11.38
West Virginia,,2021/1/26,11.74
West Virginia,,2021/1/27,11.99
West Virginia,,2021/1/28,12.53
West Virginia,,2021/1/29,13.39
West Virginia,,2021/1/30,14.31
West Virginia,,2021/1/31,14.5
West Virginia,,2021/2/1,14.53
West Virginia,,2021/2/2,14.74
West Virginia,,2021/2/3,14.96
West Virginia,,2021/2/4,15.44
West Virginia,,2021/2/5,16.28
West Virginia,,2021/2/6,17.57
West Virginia,,2021/2/7,17.97
West Virginia,,2021/2/8,18.05
West Virginia,,2021/2/9,18.27
West Virginia,,2021/2/10,18.56
West Virginia,,2021/2/11,19.02
Wisconsin,,2021/1/12,2.36
Wisconsin,,2021/1/13,2.36
Wisconsin,,2021/1/14,2.58
Wisconsin,,2021/1/15,2.92
Wisconsin,,2021/1/19,3.67
Wisconsin,,2021/1/20,3.82
Wisconsin,,2021/1/21,4.1
Wisconsin,,2021/1/22,4.48
Wisconsin,,2021/1/23,4.91
Wisconsin,,2021/1/24,5.3
Wisconsin,,2021/1/25,5.42
Wisconsin,,2021/1/26,5.46
Wisconsin,,2021/1/27,5.76
Wisconsin,,2021/1/28,6.22
Wisconsin,,2021/1/29,6.99
Wisconsin,,2021/1/30,7.73
Wisconsin,,2021/1/31,8.43
Wisconsin,,2021/2/1,8.82
Wisconsin,,2021/2/2,8.97
Wisconsin,,2021/2/3,9.41
Wisconsin,,2021/2/4,9.43
Wisconsin,,2021/2/5,10.22
Wisconsin,,2021/2/6,10.96
Wisconsin,,2021/2/7,12.75
Wisconsin,,2021/2/8,13.11
Wisconsin,,2021/2/9,13.21
Wisconsin,,2021/2/10,13.68
Wisconsin,,2021/2/11,14.19
Wyoming,,2021/1/12,2.84
Wyoming,,2021/1/13,3.08
Wyoming,,2021/1/14,3.42
Wyoming,,2021/1/15,3.93
Wyoming,,2021/1/19,4.85
Wyoming,,2021/1/20,5.06
Wyoming,,2021/1/21,5.06
Wyoming,,2021/1/22,5.97
Wyoming,,2021/1/23,6.49
Wyoming,,2021/1/24,7.05
Wyoming,,2021/1/25,7.11
Wyoming,,2021/1/26,7.14
Wyoming,,2021/1/27,7.5
Wyoming,,2021/1/28,7.5
Wyoming,,2021/1/29,8.49
Wyoming,,2021/1/30,8.49
Wyoming,,2021/1/31,9.85
Wyoming,,2021/2/1,10.15
Wyoming,,2021/2/2,10.2
Wyoming,,2021/2/3,10.5
Wyoming,,2021/2/4,10.5
Wyoming,,2021/2/5,11.65
Wyoming,,2021/2/6,12.42
Wyoming,,2021/2/7,12.42
Wyoming,,2021/2/8,13.21
Wyoming,,2021/2/9,13.21
Wyoming,,2021/2/10,13.74
Wyoming,,2021/2/11,13.74